# sphere quasistatic MNPBEM; dF = contribution of mode(s) to Fp-1; L,T = dipolar modes; all = 40 lowest modes
lambda_nm,gap,Fp_z,Fp_x,dFz_L,dFz_T,dFz_all,dFx_L,dFx_T,dFx_all
450,3,1802.909,773.8369,55.81795,15.79663,830.9715,4.98754,22.37315,273.6387
450,4,783.7677,311.6109,41.57413,11.76664,486.6986,3.646539,16.42374,159.9877
450,5,404.2231,153.1668,31.12607,8.809642,297.9948,2.714306,12.24935,97.5791
450,6,230.9405,84.2807,23.52918,6.661603,189.1789,2.045161,9.260647,61.633
450,7,142.349,50.48233,17.99406,5.095024,124.4143,1.563251,7.084383,40.24653
450,8,93.01544,32.26903,13.91953,3.941579,84.52705,1.208999,5.48133,27.08265
450,10,45.02304,15.24475,8.589623,2.432441,42.32923,0.7460082,3.383224,13.25563
450,12,24.57371,8.341652,5.494664,1.555991,23.12817,0.4772594,2.164429,7.071815
450,15,11.62847,4.170187,2.975499,0.8425716,10.55406,0.2584971,1.172186,3.123099
450,20,4.585523,2.019308,1.208985,0.3423223,3.5798,0.1050547,0.4763062,1.015492
450,25,2.467401,1.404557,0.5525966,0.156459,1.46676,0.04802399,0.2177159,0.4041143
450,30,1.683417,1.184537,0.2764946,0.07828262,0.6833219,0.02403081,0.108938,0.1844698
455,3,1897.173,814.2168,58.72012,16.61796,874.3917,5.246859,23.53641,288.6186
455,4,824.6787,327.8452,43.73572,12.37843,512.0831,3.836135,17.27767,168.6482
455,5,425.2937,161.1209,32.74442,9.267686,313.5396,2.855432,12.88624,102.8162
455,6,242.9543,88.63407,24.75255,7.007963,199.0493,2.151496,9.742141,64.91941
455,7,149.7326,53.06876,18.92964,5.359932,130.9064,1.64453,7.452724,42.38174
455,8,97.82096,33.90325,14.64326,4.146515,88.93788,1.27186,5.766323,28.51394
455,10,47.3211,15.98898,9.036227,2.558912,44.53784,0.7847957,3.55913,13.95254
455,12,25.80377,8.725077,5.78035,1.636892,24.33466,0.5020738,2.276965,7.442466
455,15,12.18276,4.33566,3.130205,0.8863799,11.1044,0.2719372,1.233132,3.28637
455,20,4.772384,2.07247,1.271844,0.3601208,3.766357,0.1105168,0.501071,1.068478
455,25,2.543838,1.425644,0.581328,0.1645938,1.543163,0.05052092,0.2290357,0.425181
455,30,1.719003,1.194151,0.2908705,0.08235281,0.7189034,0.02528026,0.1146021,0.1940811
460,3,1996.611,856.8374,61.7369,17.47171,920.0549,5.51642,24.7456,304.4627
460,4,867.7778,344.9611,45.98267,13.01438,538.7612,4.033219,18.16532,177.7925
460,5,447.465,169.4984,34.42669,9.743819,329.8666,3.002132,13.54828,108.3378
460,6,255.5818,93.21469,26.02423,7.368002,209.4099,2.262031,10.24265,68.37999
460,7,157.4858,55.78779,19.90216,5.635301,137.7166,1.729019,7.835613,44.62763
460,8,102.8627,35.61986,15.39556,4.359545,93.56211,1.337202,6.062572,30.01797
460,10,49.72866,16.76963,9.500469,2.690378,46.85075,0.8251151,3.741983,14.68371
460,12,27.09098,9.126799,6.07732,1.720989,25.59692,0.5278681,2.393946,7.83085
460,15,12.76205,4.508791,3.291022,0.9319182,11.67951,0.2859082,1.296485,3.457205
460,20,4.96739,2.128002,1.337186,0.3786223,3.96104,0.1161947,0.5268139,1.123827
460,25,2.623532,1.447647,0.6111941,0.17305,1.622821,0.05311647,0.2408025,0.4471628
460,30,1.756083,1.204175,0.3058141,0.08658374,0.7559776,0.02657904,0.1204898,0.2041021
465,3,2105.474,903.489,65.0419,18.40704,970.0603,5.811733,26.07032,321.8976
465,4,914.9667,363.6996,48.44428,13.71108,567.9731,4.249132,19.13777,187.844
465,5,471.7433,178.6715,36.26967,10.26544,347.7458,3.162847,14.27357,114.4023
465,6,269.4109,98.23093,27.41739,7.762437,220.7564,2.383125,10.79097,72.1784
465,7,165.9776,58.76568,20.96759,5.936979,145.1755,1.821579,8.255081,47.0916
465,8,108.385,37.50005,16.21974,4.592927,98.62707,1.408787,6.387122,31.66746
465,10,52.36593,17.62476,10.00906,2.834403,49.38433,0.8692864,3.942304,15.48522
465,12,28.50108,9.566876,6.40266,1.813119,26.97969,0.5561268,2.522102,8.256491
465,15,13.39667,4.698462,3.467202,0.981807,12.30955,0.3012139,1.365891,3.644396
465,20,5.181029,2.188842,1.40877,0.3988912,4.174327,0.122415,0.5550161,1.184469
465,25,2.710843,1.471753,0.6439135,0.1823139,1.710091,0.05595998,0.2536935,0.4712463
465,30,1.796706,1.215158,0.3221854,0.09121887,0.7965949,0.02800191,0.1269401,0.2150812
470,3,2229.237,956.4739,68.86117,19.4879,1027.119,6.152999,27.60117,341.8627
470,4,968.6978,385.0155,51.28894,14.5162,601.3228,4.498641,20.26155,199.3504
470,5,499.4288,189.1205,38.39943,10.86823,368.1739,3.348569,15.11171,121.3437
470,6,285.2019,103.952,29.02735,8.218248,233.731,2.523063,11.42462,76.52652
470,7,175.6853,62.16575,22.19881,6.285599,153.7112,1.928543,8.73982,49.91273
470,8,114.7045,39.64889,17.17217,4.862624,104.4275,1.491512,6.762175,33.55662
470,10,55.38885,18.60368,10.5968,3.000839,52.28953,0.920331,4.173797,16.40386
470,12,30.11942,10.07132,6.778625,1.919586,28.56699,0.5887826,2.6702,8.744726
470,15,14.12603,4.916206,3.670796,1.039459,13.03372,0.3189012,1.446096,3.859357
470,20,5.42694,2.258807,1.491493,0.4223142,4.419837,0.1296032,0.5876067,1.254213
470,25,2.811439,1.499507,0.6817241,0.1930194,1.810642,0.05924596,0.2685905,0.4989741
470,30,1.843541,1.227812,0.3411042,0.09657525,0.8434232,0.02964619,0.134394,0.2277312
475,3,2374.294,1018.474,73.47377,20.79328,1094.452,6.565153,29.45002,365.4638
475,4,1031.86,410.029,54.72448,15.48855,640.7214,4.799979,21.61875,212.9588
475,5,532.0622,201.4121,40.97158,11.59623,392.3419,3.572871,16.12396,129.5587
475,6,303.8602,110.697,30.97172,8.768741,249.103,2.692068,12.18989,81.67655
475,7,187.1803,66.18242,23.68578,6.706635,163.8381,2.057725,9.32525,53.25711
475,8,122.2011,42.19193,18.32243,5.188343,111.3181,1.591419,7.215134,35.79823
475,10,58.98566,19.76566,11.30661,3.201848,55.74884,0.9819787,4.453375,17.49593
475,12,32.04943,10.67154,7.232686,2.048168,30.46075,0.6282217,2.849062,9.326151
475,15,14.99809,5.176008,3.916681,1.109086,13.89971,0.3402625,1.542961,4.115936
475,20,5.721791,2.342551,1.5914,0.4506025,4.714218,0.1382846,0.626967,1.337701
475,25,2.932268,1.532795,0.7273889,0.2059487,1.931419,0.0632145,0.2865818,0.5322328
475,30,1.899862,1.243011,0.3639528,0.1030443,0.899737,0.03163202,0.1433963,0.2429259
480,3,2542.232,1090.093,79.04767,22.37071,1173.176,7.063201,31.68417,392.9949
480,4,1105.304,439.0407,58.87602,16.66355,686.8708,5.164117,23.2588,228.8622
480,5,570.1572,215.7187,44.07978,12.47594,420.7085,3.843917,17.34716,139.1767
480,6,325.7175,118.5731,33.32131,9.433958,267.1822,2.896295,13.11464,87.71715
480,7,200.6871,70.88612,25.48264,7.215416,175.7717,2.213828,10.03269,57.18683
480,8,131.0332,45.17757,19.71242,5.581943,119.4531,1.712148,7.762491,38.43671
480,10,63.24134,21.13573,12.16436,3.444748,59.84632,1.056474,4.791219,18.78543
480,12,34.34049,11.38167,7.781374,2.203546,32.71008,0.6758801,3.065198,10.01462
480,15,16.03707,5.484603,4.21381,1.193224,14.93169,0.3660757,1.660014,4.420814
480,20,6.074475,2.442473,1.712127,0.4847863,5.066362,0.1487752,0.6745303,1.437328
480,25,3.077158,1.57263,0.7825703,0.2215724,2.076248,0.0680101,0.3083225,0.5720347
480,30,1.967512,1.261236,0.3915631,0.1108615,0.9673778,0.0340317,0.1542747,0.2611465
485,3,2729.498,1169.7,85.65719,24.24122,1262.238,7.653786,34.33342,423.8896
485,4,1187.733,471.4803,63.79889,18.05686,739.2284,5.595911,25.20357,246.7763
485,5,613.1587,231.798,47.76548,13.51911,452.9855,4.165324,18.79763,150.049
485,6,350.5154,127.4666,36.10745,10.22277,287.8134,3.138467,14.21122,94.56815
485,7,216.079,76.21963,27.61335,7.818729,189.4281,2.398936,10.87156,61.65758
485,8,141.1362,48.57549,21.36066,6.048674,128.787,1.855308,8.411547,41.44707
485,10,68.13944,22.70467,13.18148,3.732779,64.56979,1.14481,5.191833,20.26421
485,12,36.9898,12.19889,8.432009,2.387795,35.31331,0.7323934,3.321493,10.80755
485,15,17.24476,5.841747,4.566145,1.292995,16.13166,0.3966848,1.798815,4.773781
485,20,6.486739,2.558861,1.855285,0.5253214,5.47803,0.1612149,0.7309307,1.553383
485,25,3.247121,1.619225,0.8480044,0.2400991,2.246144,0.07369672,0.3341027,0.6185908
485,30,2.047056,1.282616,0.4243034,0.1201311,1.046911,0.03687723,0.1671743,0.2825198
490,3,2927.483,1253.448,93.31683,26.40893,1358.511,8.338203,37.40359,456.7383
490,4,1275.766,505.9221,69.50392,19.67155,796.0781,6.096309,27.45733,265.9541
490,5,659.4906,249.0055,52.03677,14.72802,488.188,4.537796,20.47856,161.7604
490,6,377.4417,137.0528,39.33625,11.13692,310.4136,3.419115,15.48202,101.9896
490,7,232.9043,82.0053,30.0826,8.517896,204.4508,2.613454,11.84372,66.5256
490,8,152.2436,52.28221,23.27077,6.589559,139.0953,2.021214,9.163726,44.74031
490,10,73.57428,24.43225,14.36019,4.066572,69.82318,1.247182,5.656098,21.8951
490,12,39.94996,13.10539,9.186017,2.601316,38.2256,0.7978855,3.618508,11.6879
490,15,18.60449,6.241259,4.974459,1.408617,17.48336,0.4321572,1.959669,5.168775
490,20,6.954741,2.690295,2.021189,0.5722968,5.945413,0.1756311,0.7962921,1.684455
490,25,3.441052,1.672165,0.9238347,0.2615692,2.440005,0.08028683,0.3639789,0.6714896
490,30,2.138125,1.307008,0.4622455,0.1308734,1.137971,0.04017487,0.1821233,0.3069059
495,3,3118.064,1333.365,101.8532,28.82474,1454.712,9.100958,40.82516,488.5081
495,4,1361.989,539.3135,75.86194,21.47105,853.3113,6.653982,29.96905,284.7431
495,5,705.5499,265.9145,56.79695,16.0753,523.8885,4.9529,22.35188,173.3651
495,6,404.5561,146.5872,42.93462,12.15569,333.4985,3.731886,16.89827,109.4179
495,7,250.0341,87.82092,32.83447,9.29709,219.9009,2.852525,12.92715,71.44218
495,8,163.6577,56.04268,25.39951,7.192354,149.7646,2.206108,10.002,48.09322
495,10,79.24193,26.21167,15.67382,4.438571,75.32169,1.36127,6.173503,23.57827
495,12,43.07099,14.05018,10.02633,2.839278,41.30201,0.8708738,3.949519,12.60645
495,15,20.05526,6.66321,5.429509,1.537474,18.92665,0.4716897,2.138934,5.586152
495,20,7.460423,2.831169,2.206081,0.624649,6.450517,0.1916974,0.8691347,1.824959
495,25,3.652226,1.729442,1.008344,0.2854969,2.651115,0.08763124,0.3972747,0.7287239
495,30,2.237801,1.333566,0.5045304,0.1428454,1.237637,0.04384995,0.1987835,0.3334577
500,3,3268.196,1395.125,110.629,31.30832,1536.481,9.885106,44.34271,513.5365
500,4,1432.429,566.0083,82.39829,23.32102,902.6704,7.227296,32.55122,299.9912
500,5,744.3236,279.8148,61.69063,17.46037,555.1128,5.379647,24.27775,183.0201
500,6,427.9617,154.6176,46.63391,13.20304,353.9641,4.053429,18.35424,115.731
500,7,265.132,92.82171,35.66352,10.09814,233.7725,3.098302,14.04097,75.69821
500,8,173.8927,59.33387,27.58796,7.812057,159.4558,2.396189,10.86378,51.04219
500,10,84.46089,27.81363,17.02429,4.821004,80.41716,1.478559,6.70542,25.09762
500,12,46.00081,14.91906,10.89021,3.083914,44.19928,0.9459092,4.289815,13.45243
500,15,21.44514,7.060422,5.897321,1.669944,20.31109,0.512331,2.323228,5.9793
500,20,7.9552,2.967157,2.39616,0.6784696,6.944875,0.2082142,0.9440205,1.960611
500,25,3.861482,1.785601,1.095225,0.3100957,2.860324,0.09518165,0.4315044,0.784843
500,30,2.337392,1.359877,0.5480013,0.1551531,1.337221,0.04762811,0.2159109,0.3597626
505,3,3335.687,1420.814,118.2137,33.45482,1583.542,10.56283,47.38285,524.347
505,4,1468.416,578.6597,88.04749,24.91991,932.2286,7.722797,34.78293,307.4199
505,5,766.0489,287.052,65.92012,18.65745,574.5108,5.748474,25.94223,188.1559
505,6,442.0244,159.1189,49.83112,14.10824,367.1163,4.331331,19.61261,119.3235
505,7,274.7024,95.79243,38.1086,10.79047,242.9626,3.310721,15.00362,78.25347
505,8,180.6567,61.38178,29.47938,8.347651,166.0512,2.560471,11.6086,52.89093
505,10,88.12361,28.88148,18.19147,5.151532,84.04182,1.579928,7.165143,26.11424
505,12,48.14262,15.52685,11.63684,3.295347,46.33113,1.01076,4.583925,14.04536
505,15,22.50356,7.352381,6.301639,1.784436,21.36786,0.5474562,2.482508,6.268492
505,20,8.347397,3.072223,2.560439,0.7249854,7.336947,0.2224893,1.008743,2.065437
505,25,4.031233,1.830283,1.170313,0.3313558,3.030061,0.1017073,0.4610884,0.8294956
505,30,2.419379,1.381211,0.5855721,0.1657904,1.419206,0.05089348,0.2307138,0.3810917
510,3,3284.918,1395.798,122.5468,34.68111,1576.397,10.95001,49.11968,514.2801
510,4,1453.149,570.9042,91.27486,25.83336,930.1847,8.005876,36.05791,303.0792
510,5,761.4522,284.301,68.33642,19.34135,574.6092,5.959184,26.89315,186.3207
510,6,441.1393,158.1665,51.65767,14.62538,368.0549,4.490095,20.33152,118.6155
510,7,275.1286,95.53338,39.50547,11.186,244.1496,3.432075,15.55358,78.05463
510,8,181.4984,61.39664,30.55995,8.653637,167.2312,2.654325,12.03412,52.91565
510,10,88.98174,29.03107,18.85828,5.340363,84.97731,1.63784,7.427784,26.25937
510,12,48.79675,15.66546,12.06338,3.416139,47.00583,1.04781,4.75195,14.18131
510,15,22.89939,7.444172,6.532625,1.849845,21.76719,0.5675232,2.573505,6.359534
510,20,8.51952,3.113988,2.654292,0.75156,7.509344,0.2306446,1.045718,2.107115
510,25,4.111907,1.850152,1.213211,0.3435018,3.110766,0.1054353,0.4779897,0.8493535
510,30,2.46021,1.391332,0.6070362,0.1718675,1.460041,0.05275898,0.2391707,0.3912113
515,3,3107.035,1317.198,121.7208,34.44738,1506.633,10.8762,48.78863,481.2119
515,4,1380.863,540.9294,90.65967,25.65925,890.9744,7.951916,35.81489,285.4993
515,5,726.6427,270.3769,67.87583,19.21099,551.6047,5.919019,26.7119,176.4844
515,6,422.6002,150.9556,51.3095,14.52681,354.1118,4.459832,20.19449,112.8748
515,7,264.4755,91.48023,39.2392,11.11061,235.4157,3.408943,15.44876,74.57211
515,8,175.0009,58.97182,30.35397,8.595315,161.5866,2.636435,11.95302,50.72699
515,10,86.23076,28.03731,18.73117,5.30437,82.42109,1.626801,7.377723,25.3126
515,12,47.47854,15.20181,11.98207,3.393115,45.73928,1.040748,4.719923,13.72859
515,15,22.38633,7.269516,6.488595,1.837377,21.26284,0.5636981,2.556161,6.18641
515,20,8.377897,3.067774,2.636402,0.7464947,7.368401,0.2290901,1.038671,2.060992
515,25,4.062373,1.834515,1.205033,0.3411867,3.061309,0.1047247,0.4747682,0.8337244
515,30,2.439841,1.385075,0.6029447,0.1707092,1.439684,0.05240338,0.2375588,0.384955
520,3,2833.782,1199.289,115.3053,32.63177,1385.809,10.30295,46.21715,430.4441
520,4,1263.958,494.0341,85.88127,24.30684,820.8397,7.532795,33.92721,257.4653
520,5,667.3154,247.6623,64.2983,18.19845,508.9996,5.607046,25.304,160.1767
520,6,389.274,138.6732,48.60513,13.76115,327.3023,4.224768,19.13011,102.9714
520,7,244.2871,84.27107,37.17102,10.525,217.95,3.229268,14.63451,68.31691
520,8,162.0392,54.47048,28.75411,8.142285,149.8352,2.497476,11.32301,46.63367
520,10,80.18212,26.03267,17.74391,5.024795,76.64876,1.541058,6.988868,23.39477
520,12,44.3078,14.18955,11.35054,3.214275,42.6418,0.9858929,4.471152,12.73795
520,15,20.99352,6.843799,6.146602,1.740536,19.88238,0.5339873,2.421434,5.764053
520,20,7.922645,2.93547,2.497446,0.7071495,6.914111,0.2170154,0.9839257,1.928923
520,25,3.880058,1.783282,1.14152,0.3232039,2.879103,0.09920499,0.4497448,0.7825155
520,30,2.356231,1.362125,0.5711654,0.1617117,1.35609,0.04964136,0.2250378,0.3620086
525,3,2526.477,1068.284,105.0687,29.73479,1242.495,9.388276,42.11409,373.0526
525,4,1129.213,440.8443,78.25691,22.14893,736.495,6.864049,30.91523,225.2257
525,5,597.3077,221.3885,58.59003,16.58283,457.03,5.109264,23.05757,141.1026
525,6,349.0591,124.1901,44.29007,12.53947,294.1211,3.849702,17.43178,91.19396
525,7,219.4155,75.61319,33.87105,9.590617,196.0182,2.94258,13.33529,60.75673
525,8,145.7668,48.97111,26.20138,7.419431,134.8698,2.275756,10.31778,41.60914
525,10,72.33683,23.50696,16.16864,4.578705,69.10191,1.404246,6.368412,20.97228
525,12,40.0836,12.87997,10.34286,2.928919,38.49672,0.8983673,4.074213,11.45459
525,15,19.07812,6.274666,5.600919,1.586015,17.98033,0.486581,2.206465,5.199109
525,20,7.272797,2.751258,2.275727,0.6443704,6.265301,0.1977493,0.896575,1.745014
525,25,3.61323,1.709881,1.040178,0.2945106,2.612392,0.09039777,0.4098175,0.7091468
525,30,2.231704,1.328559,0.5204585,0.1473553,1.231581,0.0452343,0.2050595,0.3284469
530,3,2232.987,944.0552,93.56512,26.47925,1101.644,8.360389,37.50318,317.9787
530,4,998.7418,389.8128,69.68885,19.72393,652.9785,6.11253,27.53044,194.0027
530,5,528.6431,195.9041,52.17523,14.76724,405.1805,4.549869,20.53309,122.4638
530,6,309.1431,109.9937,39.44091,11.16657,260.7645,3.428212,15.52324,79.58479
530,7,194.4616,67.04324,30.16264,8.540577,173.8066,2.620408,11.87526,53.24212
530,8,129.2837,43.47848,23.33269,6.607106,119.6062,2.026592,9.188126,36.57537
530,10,64.26175,20.94446,14.3984,4.0774,61.30529,1.2505,5.671159,18.51047
530,12,35.6802,11.53388,9.210458,2.608243,34.16714,0.8000084,3.628143,10.1343
530,15,17.05234,5.680496,4.987695,1.412368,15.967,0.433307,1.964887,4.609106
530,20,6.574207,2.555368,2.026566,0.5738207,5.567679,0.1760984,0.7984124,1.549431
530,25,3.323361,1.630854,0.9262928,0.2622657,2.322633,0.08050045,0.3649481,0.6301533
530,30,2.095453,1.292105,0.4634754,0.1312219,1.095345,0.04028177,0.1826083,0.2919979
535,3,1974.23,834.974,82.53967,23.35901,975.521,7.375224,33.08391,269.2361
535,4,882.8318,344.7114,61.47692,17.39972,577.8919,5.392247,24.28633,166.2361
535,5,467.2103,173.2446,46.02705,13.02711,358.3723,4.013726,18.11353,105.8102
535,6,273.1999,97.29797,34.79331,9.850733,230.5274,3.024241,13.69403,69.16475
535,7,171.8616,59.33835,26.60836,7.53418,153.5925,2.311626,10.47591,46.4677
535,8,114.2797,38.51636,20.58323,5.828543,105.6632,1.787784,8.105424,32.01872
535,10,56.84952,18.61006,12.70173,3.596931,54.1354,1.103145,5.002886,16.26542
535,12,31.61184,10.29923,8.125124,2.300895,30.16303,0.7057377,3.200613,8.922625
535,15,15.16695,5.131135,4.399959,1.245939,14.09244,0.3822474,1.733351,4.063474
535,20,5.918744,2.37256,1.787762,0.5062033,4.913058,0.1553475,0.7043298,1.366901
535,25,3.049988,1.556651,0.8171411,0.2313611,2.049354,0.07101451,0.3219437,0.5559808
535,30,1.966509,1.257731,0.4088608,0.1157591,0.9664159,0.03553508,0.1610903,0.2576281
540,3,1754.09,742.3717,72.76451,20.5926,867.3977,6.501778,29.16579,227.6112
540,4,783.8417,306.2967,54.19622,15.33907,513.3904,4.753644,21.4101,142.4766
540,5,414.5576,153.8853,40.57607,11.48431,318.0777,3.538381,15.96834,91.53094
540,6,242.2933,86.41956,30.67274,8.684112,204.4435,2.666081,12.07224,60.21206
540,7,152.3721,52.71861,23.45714,6.641908,136.1199,2.037861,9.235251,40.63566
540,8,101.3079,34.24269,18.14556,5.13827,93.58847,1.576057,7.1455,28.08844
540,10,50.41454,16.59113,11.19747,3.170947,47.90531,0.9724994,4.410395,14.32219
540,12,28.06847,9.227796,7.162867,2.0284,26.67399,0.6221573,2.821565,7.870665
540,15,13.51892,4.652498,3.878873,1.098382,12.45357,0.3369779,1.52807,3.588001
540,20,5.343534,2.212559,1.576037,0.4462537,4.338561,0.1369497,0.6209161,1.207134
540,25,2.809486,1.49151,0.7203672,0.203961,1.808934,0.06260427,0.2838159,0.4908658
540,30,1.85288,1.227492,0.3604395,0.1020498,0.8527993,0.03132666,0.1420124,0.2273933
545,3,1567.272,663.8481,64.34443,18.20969,775.4286,5.749413,25.79082,192.1334
545,4,699.7277,273.6865,47.9248,13.56408,458.4851,4.203567,18.93259,122.2263
545,5,369.7621,137.4338,35.88074,10.15538,283.7501,3.128931,14.12054,79.35898
545,6,215.9686,77.16571,27.12339,7.679214,182.2044,2.35757,10.67528,52.57848
545,7,135.7547,47.08209,20.74275,5.873327,121.2113,1.802046,8.166576,35.66111
545,8,90.23772,30.60062,16.04581,4.543685,83.27839,1.393681,6.318645,24.7346
545,10,44.9146,14.86797,9.901733,2.804015,42.57904,0.8599648,3.900038,12.66245
545,12,25.03642,8.312194,6.334002,1.79368,23.68799,0.5501633,2.495062,6.971347
545,15,12.10684,4.242882,3.430022,0.9712809,11.04926,0.2979839,1.351247,3.181022
545,20,4.849955,2.075398,1.393663,0.3946146,3.845586,0.1211023,0.5490656,1.070168
545,25,2.602925,1.435607,0.6370086,0.1803593,1.60244,0.0553599,0.2509736,0.4349837
545,30,1.755226,1.201522,0.3187306,0.09024089,0.7551553,0.02770164,0.1255791,0.201426
550,3,1404.773,595.5265,57.04809,16.1448,695.5723,5.097457,22.86626,161.1248
550,4,626.6061,245.3291,42.49036,12.02598,410.8158,3.726903,16.78573,104.5542
550,5,330.8394,123.1343,31.81204,9.00381,253.95,2.774125,12.51934,68.75009
550,6,193.1042,69.12549,24.04773,6.808428,162.9011,2.090234,9.464756,45.93197
550,7,121.3263,42.18639,18.39062,5.20732,108.2725,1.597703,7.240526,31.33341
550,8,80.62827,27.4381,14.2263,4.028453,74.33162,1.235644,5.602141,21.81882
550,10,40.14226,13.37233,8.778925,2.486053,37.95814,0.762449,3.457792,11.22086
550,12,22.40619,7.51773,5.615758,1.590286,21.09793,0.4877774,2.212134,6.190704
550,15,10.88224,3.887573,3.041074,0.8611423,9.831431,0.264194,1.198022,2.827941
550,20,4.422019,1.956461,1.235629,0.3498672,3.418178,0.1073699,0.4868042,0.951395
550,25,2.423862,1.38714,0.5647749,0.1599074,1.423437,0.04908236,0.2225144,0.3865347
550,30,1.67058,1.179009,0.2825881,0.08000801,0.6705181,0.02456041,0.1113391,0.1789155
555,3,1259.197,534.2652,50.60052,14.32012,624.3172,4.521344,20.28192,133.208
555,4,561.2013,219.9391,37.68811,10.6668,368.3006,3.305689,14.88861,88.68064
555,5,296.0727,110.3474,28.21665,7.986201,227.3881,2.460594,11.1044,59.23968
555,6,172.706,61.94392,21.32986,6.03894,145.706,1.853996,8.39505,39.98372
555,7,108.4677,37.81794,16.31212,4.618789,96.7539,1.417131,6.422202,27.46599
555,8,72.07184,24.61865,12.61844,3.573158,66.3714,1.095992,4.968987,19.21635
555,10,35.89883,12.04087,7.786732,2.205079,33.85098,0.6762772,3.066993,9.936655
555,12,20.0699,6.811274,4.981066,1.410552,18.7978,0.4326489,1.962119,5.49627
555,15,9.795706,3.572024,2.697372,0.7638161,8.751,0.2343348,1.062621,2.514315
555,20,4.042783,1.85098,1.095978,0.3103253,3.039418,0.09523498,0.4317857,0.8460541
555,25,2.265291,1.344195,0.5009442,0.1418347,1.26492,0.04353508,0.1973659,0.343604
555,30,1.595657,1.159072,0.25065,0.07096551,0.5956029,0.0217846,0.09875553,0.158981
560,3,1128.067,479.0336,44.8723,12.69901,560.3863,4.009505,17.98591,107.9226
560,4,502.375,197.0805,33.42163,9.45927,330.1716,2.931469,13.20314,74.33742
560,5,264.8457,98.84947,25.02238,7.082123,203.5807,2.182043,9.847328,50.66376
560,6,154.4066,55.49357,18.91522,5.355302,130.3036,1.644114,7.444689,34.62934
560,7,96.94404,33.89819,14.46551,4.09592,86.44238,1.256705,5.695177,23.98993
560,8,64.41055,22.09102,11.18997,3.168659,59.2495,0.9719201,4.406473,16.88023
560,10,32.10468,10.84896,6.905236,1.955454,30.18015,0.5997193,2.719794,8.786182
560,12,17.98317,6.179577,4.417185,1.25087,16.7438,0.3836709,1.739997,4.875054
560,15,8.82635,3.290229,2.392017,0.6773483,7.787168,0.207807,0.9423275,2.234185
560,20,3.704858,1.756917,0.9719081,0.2751949,2.701922,0.08445392,0.3829054,0.7521103
560,25,2.124099,1.305932,0.4442348,0.1257783,1.123777,0.0386067,0.1750231,0.3053542
560,30,1.528978,1.14132,0.2222752,0.06293187,0.5289309,0.01931847,0.08757592,0.141231
565,3,1010.032,429.2763,39.78205,11.25845,503.0542,3.554673,15.94561,85.0171
565,4,449.4953,176.5139,29.63033,8.386224,295.9902,2.598928,11.7054,61.37601
565,5,236.8105,88.51616,22.18388,6.278737,182.2494,1.934515,8.730262,42.93034
565,6,137.996,49.70256,16.7695,4.747805,116.5109,1.457608,6.600174,29.80962
565,7,86.6197,30.38235,12.82456,3.631284,77.21362,1.114146,5.049125,20.86577
565,8,57.55224,19.8257,9.9206,2.809211,52.87879,0.8616669,3.906609,14.78331
565,10,28.71265,9.782179,6.121916,1.73363,26.89964,0.531688,2.411265,7.755576
565,12,16.11945,5.614799,3.916106,1.108973,14.90968,0.3401479,1.542615,4.319362
565,15,7.961523,3.038588,2.12067,0.6005109,6.927339,0.1842336,0.8354312,1.983974
565,20,3.403719,1.673032,0.8616563,0.2439772,2.401172,0.07487359,0.3394692,0.6683266
565,25,1.998367,1.271839,0.3938415,0.1115102,0.9980879,0.03422721,0.1551687,0.2712718
565,30,1.469627,1.125512,0.1970606,0.05579297,0.4695868,0.01712702,0.07764143,0.1254242
570,3,904.2194,384.6382,35.27276,9.982306,451.8407,3.151751,14.13818,64.3276
570,4,402.1496,158.0846,26.27174,7.435646,265.4653,2.304339,10.37859,49.69903
570,5,211.738,79.26613,19.66934,5.567043,163.2088,1.715238,7.740687,35.97875
570,6,123.3344,44.52352,14.86868,4.209641,104.2054,1.292389,5.852045,25.48529
570,7,77.40388,27.24069,11.3709,3.219678,68.98396,0.9878576,4.476806,18.0672
570,8,51.43491,17.80296,8.796101,2.490787,47.20046,0.763997,3.463795,12.90742
570,10,25.69077,8.830821,5.427998,1.537123,23.9782,0.4714212,2.137948,6.835488
570,12,14.46063,5.111621,3.472216,0.9832712,13.27752,0.3015921,1.367759,3.823973
570,15,7.192541,2.814645,1.880292,0.532443,6.162863,0.1633508,0.7407351,1.761241
570,20,3.136241,1.598472,0.7639876,0.2163224,2.134046,0.06638668,0.3009903,0.5938517
570,25,1.886762,1.24156,0.3491996,0.09887052,0.886523,0.03034756,0.1375803,0.2410018
570,30,1.416969,1.11148,0.1747238,0.04946883,0.4169342,0.01518567,0.06884078,0.1113934
575,3,810.0851,344.9008,31.30398,8.859129,406.4326,2.797127,12.54739,45.75003
575,4,360.076,141.6954,23.31573,6.599011,238.4067,2.045063,9.210825,39.24395
575,5,189.48,71.04757,17.45621,4.940657,146.3365,1.522245,6.86973,29.76968
575,6,110.3305,39.92584,13.1957,3.735986,93.30571,1.146973,5.193592,21.63071
575,7,69.23647,24.45378,10.09148,2.857411,61.69754,0.8767071,3.973091,15.5769
575,8,46.0172,16.00983,7.806393,2.210531,42.17502,0.6780346,3.07406,11.24053
575,10,23.01741,7.988393,4.817257,1.364171,21.39463,0.4183785,1.897393,6.019643
575,12,12.99433,4.666451,3.081533,0.8726367,11.83508,0.267658,1.213863,3.385354
575,15,6.513428,2.616718,1.668728,0.4725342,5.487781,0.1449711,0.65739,1.564317
575,20,2.900252,1.532649,0.6780262,0.1919825,1.898372,0.05891707,0.2671239,0.5280972
575,25,1.788356,1.214849,0.3099088,0.08774593,0.7881525,0.02693295,0.1221002,0.2142974
575,30,1.370556,1.099107,0.1550645,0.04390276,0.370527,0.01347703,0.06109504,0.09902171
580,3,727.2958,309.9342,27.84609,7.880533,366.6249,2.488151,11.16139,29.21851
580,4,323.1092,127.2865,20.74023,5.870071,214.6892,1.819161,8.19338,29.97059
580,5,169.9409,63.82765,15.52797,4.394902,131.5513,1.354095,6.110886,24.27752
580,6,98.92403,35.88975,11.73808,3.323302,83.7573,1.020277,4.619897,18.22895
580,7,62.07726,22.00886,8.976758,2.541776,55.31654,0.7798644,3.534215,13.38332
580,8,41.27104,14.43765,6.944084,1.966352,37.7755,0.6031376,2.734494,9.774535
580,10,20.67766,7.250483,4.285134,1.213482,19.13427,0.3721636,1.687803,5.303762
580,12,11.71194,4.276812,2.741141,0.7762436,10.57378,0.238092,1.079778,3.001063
580,15,5.919961,2.443632,1.484397,0.4203372,4.897882,0.1289573,0.5847734,1.392032
580,20,2.694202,1.475145,0.6031302,0.1707757,1.6926,0.05240898,0.2376169,0.4706457
580,25,1.702479,1.191528,0.2756757,0.07805335,0.7023073,0.02395789,0.1086128,0.1909819
580,30,1.330067,1.08831,0.1379358,0.03905318,0.3300429,0.01198833,0.05434636,0.08822496
585,3,655.5924,279.6388,24.87426,7.039496,332.2529,2.222607,9.970205,14.6801
585,4,291.1195,114.8113,18.52676,5.243598,194.2127,1.625014,7.318955,21.84665
585,5,153.0446,57.58056,13.87077,3.925864,118.7881,1.209582,5.458712,19.48166
585,6,89.06666,32.39951,10.48536,2.968628,75.51613,0.9113892,4.126846,15.26636
585,7,55.89379,19.89571,8.018729,2.270509,49.81029,0.6966347,3.157032,11.47715
585,8,37.17373,13.07944,6.202988,1.756496,33.97996,0.5387688,2.442659,8.502859
585,10,18.65934,6.613505,3.82781,1.083975,17.18512,0.3324451,1.507675,4.684353
585,12,10.60637,3.940679,2.448598,0.6934002,9.486614,0.212682,0.9645403,2.669101
585,15,5.408659,2.294424,1.325977,0.3754774,4.389693,0.1151946,0.5223644,1.243428
585,20,2.516803,1.425614,0.5387621,0.15255,1.515444,0.04681572,0.2122576,0.4211519
585,25,1.628576,1.171451,0.2462547,0.06972323,0.6284317,0.02140102,0.09702129,0.1709087
585,30,1.295234,1.079018,0.1232148,0.03488529,0.2952136,0.0107089,0.04854633,0.07893328
590,3,594.021,253.6171,22.34083,6.322526,302.8347,1.996236,8.954744,1.950432
590,4,263.6727,104.1028,16.63982,4.70954,176.6887,1.459507,6.573523,14.76642
590,5,138.5575,52.22124,12.45804,3.526016,107.8654,1.086386,4.902745,15.31825
590,6,80.61988,29.40688,9.417428,2.666274,68.4641,0.8185647,3.706529,12.70272
590,7,50.59793,18.08471,7.202026,2.039258,45.09922,0.6256828,2.83549,9.832019
590,8,33.66614,11.91594,5.571217,1.577598,30.7331,0.4838955,2.193876,7.407667
590,10,16.93277,6.068245,3.43795,0.9735726,15.51837,0.2985857,1.354119,4.152514
590,12,9.661141,3.653114,2.199209,0.6227778,8.557304,0.1910205,0.8663023,2.384611
590,15,4.971773,2.16686,1.190927,0.3372352,3.955504,0.1034621,0.4691619,1.116284
590,20,2.365322,1.3833,0.4838895,0.1370128,1.364175,0.04204756,0.1906393,0.3788617
590,25,1.565496,1.154309,0.2211738,0.06262195,0.5653757,0.01922134,0.08713972,0.153768
590,30,1.26551,1.071086,0.1106654,0.03133224,0.2654932,0.009618201,0.04360191,0.07100206
595,3,541.0621,231.2286,20.17893,5.710701,277.6287,1.803062,8.088201,-9.259441
595,4,240.0863,94.89576,15.0296,4.253802,161.6741,1.318272,5.937409,8.565394
595,5,126.1172,47.61629,11.25249,3.184807,98.50665,0.9812577,4.42831,11.68863
595,6,73.37113,26.83698,8.506112,2.408261,62.42211,0.739353,3.347852,10.47627
595,7,46.05576,16.53035,6.505092,1.841921,41.0634,0.5651361,2.561102,8.407776
595,8,30.65921,10.9178,5.032096,1.424935,27.95208,0.4370694,1.981576,6.461918
595,10,15.45381,5.600846,3.105263,0.8793609,14.0913,0.2696919,1.223082,3.694898
595,12,8.851952,3.40677,1.986394,0.5625121,7.761941,0.1725356,0.782471,2.140375
595,15,4.598013,2.057663,1.075682,0.3046012,3.58409,0.09345013,0.4237615,1.007342
595,20,2.235823,1.347109,0.437064,0.1237542,1.234859,0.03797866,0.1721913,0.3426809
595,25,1.511593,1.139654,0.199771,0.05656208,0.5114939,0.01736131,0.07870729,0.1391141
595,30,1.240118,1.064309,0.09995645,0.02830025,0.2401044,0.008687457,0.03938259,0.06422438
600,3,495.262,211.8601,18.32511,5.186064,255.9264,1.637416,7.345145,-19.22338
600,4,219.7077,86.93669,13.64885,3.863009,148.7457,1.197164,5.391944,3.087405
600,5,115.3772,43.63817,10.21873,2.892221,90.44749,0.8911105,4.021485,8.499054
600,6,67.11749,24.61829,7.724663,2.187016,57.2193,0.6714293,3.040287,8.528289
600,7,42.13952,15.18917,5.907476,1.672706,37.58846,0.5132175,2.325816,7.166197
600,8,28.068,10.05698,4.569802,1.294028,25.55793,0.3969162,1.799531,5.639879
600,10,14.1804,5.198102,2.819985,0.7985747,12.86323,0.2449155,1.110719,3.298801
600,12,8.155682,3.194648,1.803906,0.5108346,7.077763,0.1566849,0.7105861,1.929524
600,15,4.27664,1.963709,0.9768604,0.2766178,3.264771,0.08486495,0.3848309,0.9135021
600,20,2.12456,1.315998,0.3969113,0.112385,1.123757,0.03448959,0.1563722,0.3115693
600,25,1.465304,1.127065,0.1814182,0.05136577,0.4652227,0.01576634,0.07147652,0.1265234
600,30,1.218319,1.058488,0.09077355,0.02570033,0.2183085,0.007889348,0.03576455,0.05840366
605,3,455.2847,194.9474,16.72176,4.732312,237.0786,1.494151,6.702485,-28.19118
605,4,201.9378,79.99243,12.45465,3.525016,137.5155,1.092419,4.920178,-1.810091
605,5,106.02,40.1698,9.324648,2.639168,83.44597,0.8131432,3.669627,5.663885
605,6,61.67308,22.68521,7.048798,1.995664,52.69927,0.6126829,2.774279,6.805132
605,7,38.73228,14.02136,5.390604,1.526353,34.56981,0.4683138,2.12232,6.072364
605,8,25.81486,9.307855,4.169969,1.180807,23.47846,0.3621882,1.642081,4.918039
605,10,13.07415,4.847936,2.573252,0.7287038,11.79699,0.2234868,1.013537,2.95262
605,12,7.551232,3.010355,1.646074,0.4661394,6.484001,0.1429758,0.6484137,1.745787
605,15,3.997863,1.882152,0.8913905,0.2524153,2.987813,0.07743974,0.3511603,0.8319359
605,20,2.028125,1.289018,0.3621838,0.102552,1.027466,0.03147195,0.1426905,0.2845791
605,25,1.425204,1.116153,0.1655451,0.04687155,0.4251395,0.01438687,0.06522271,0.1156103
605,30,1.199442,1.053446,0.08283136,0.02345169,0.1994339,0.007199074,0.03263535,0.05336102
610,3,419.9226,179.9799,15.31763,4.334938,220.5005,1.368687,6.139675,-36.3871
610,4,186.2358,73.85232,11.40883,3.229019,127.6343,1.000688,4.507029,-6.255128
610,5,97.75914,37.10552,8.541654,2.417556,77.28432,0.7448633,3.361487,3.10621
610,6,56.87053,20.97862,6.456908,1.828088,48.72139,0.5612357,2.541322,5.258613
610,7,35.72889,12.99107,4.937953,1.398184,31.91346,0.4289893,1.944108,5.094923
610,8,23.83001,8.647338,3.819816,1.081654,21.64886,0.3317752,1.504195,4.275293
610,10,12.10061,4.539504,2.357175,0.6675143,10.85928,0.2047205,0.9284298,2.645948
610,12,7.019702,2.848159,1.507852,0.4269975,5.962056,0.1309701,0.5939661,1.583545
610,15,3.752926,1.810441,0.8165401,0.2312198,2.744509,0.07093709,0.3216732,0.7601118
610,20,1.943474,1.265321,0.3317711,0.09394063,0.9429437,0.02882923,0.1307087,0.260863
610,25,1.390025,1.106576,0.1516442,0.04293573,0.389975,0.0131788,0.05974594,0.1060303
610,30,1.182888,1.049022,0.07587598,0.02148244,0.1828817,0.006594565,0.02989494,0.04893687
615,3,388.0928,166.4987,14.06753,3.981156,205.6704,1.256986,5.638605,-44.01122
615,4,172.1169,68.3274,10.47773,2.965494,118.7898,0.91902,4.139203,-10.36191
615,5,90.33867,34.3507,7.844555,2.220255,71.76817,0.6840737,3.08715,0.7574359
615,6,52.5604,19.44564,5.929949,1.678894,45.16027,0.5154323,2.33392,3.845776
615,7,33.03557,12.06627,4.534958,1.284076,29.53569,0.3939788,1.785446,4.205932
615,8,22.05129,8.05485,3.508074,0.9933786,20.01146,0.3046984,1.381435,3.692845
615,10,11.22914,4.263148,2.164802,0.6130373,10.02049,0.1880129,0.852659,2.369526
615,12,6.544309,2.702963,1.384794,0.3921495,5.495415,0.1202814,0.5454915,1.437804
615,15,3.534065,1.746312,0.7499009,0.2123496,2.527143,0.0651478,0.2954209,0.6957833
615,20,1.867913,1.244154,0.3046947,0.08627397,0.8675005,0.02647643,0.1200413,0.2396706
615,25,1.358643,1.098028,0.1392683,0.03943167,0.3586069,0.01210326,0.05486997,0.09747882
615,30,1.168127,1.045076,0.06968362,0.01972922,0.1681227,0.006056371,0.02745517,0.0449901
620,3,358.8559,154.1053,12.93283,3.66003,192.1371,1.155596,5.183787,-51.23605
620,4,159.1615,63.25377,9.632583,2.726292,110.7123,0.8448905,3.805328,-14.22896
620,5,83.5369,31.82335,7.211802,2.041166,66.72956,0.6288953,2.838136,-1.44162
620,6,48.61349,18.0405,5.45163,1.543472,41.90762,0.4738568,2.145662,2.529563
620,7,30.57134,11.2193,4.169162,1.180501,27.36425,0.3621999,1.641429,3.381293
620,8,20.42509,7.51261,3.225108,0.9132512,18.51649,0.280121,1.270007,3.154487
620,10,10.43337,4.010542,1.990186,0.5635888,9.255104,0.1728475,0.7838823,2.115376
620,12,6.110611,2.570374,1.273095,0.3605181,5.06987,0.1105793,0.5014913,1.304264
620,15,3.334607,1.687819,0.6894128,0.1952212,2.329079,0.05989288,0.2715918,0.637018
620,20,1.799129,1.224872,0.2801175,0.07931498,0.7988265,0.0243408,0.1103586,0.2203572
620,25,1.330097,1.090248,0.1280347,0.03625105,0.3300727,0.01112699,0.05044407,0.08969439
620,30,1.154706,1.041487,0.06406283,0.01813783,0.1547033,0.005567856,0.02524059,0.04139973
625,3,331.7903,142.622,11.89421,3.366097,179.6919,1.062791,4.767483,-58.13691
625,4,147.1789,58.55764,8.859003,2.507347,103.2766,0.7770384,3.499727,-17.89996
625,5,77.25225,29.4862,6.632632,1.877242,62.0903,0.5783896,2.610209,-3.51754
625,6,44.97004,16.74223,5.013817,1.419518,38.9128,0.435802,1.973347,1.293138
625,7,28.29844,10.43734,3.834342,1.085696,25.36518,0.3331121,1.509608,2.609948
625,8,18.92621,7.012349,2.966103,0.8399092,17.14048,0.2576248,1.168014,2.65272
625,10,9.700754,3.777766,1.830357,0.5183277,8.550991,0.1589664,0.7209297,1.879756
625,12,5.711696,2.44831,1.170854,0.3315653,4.67861,0.1016989,0.4612172,1.180888
625,15,3.151329,1.634027,0.6340469,0.1795432,2.147112,0.05508296,0.2497806,0.5828902
625,20,1.735993,1.207163,0.2576217,0.0729453,0.7357951,0.02238603,0.1014959,0.2026103
625,25,1.303912,1.083108,0.1177524,0.03333977,0.3039001,0.0102334,0.04639297,0.08254935
625,30,1.142401,1.038194,0.05891803,0.01668121,0.1424001,0.005120708,0.02321355,0.03810637
630,3,306.828,132.0227,10.94569,3.097664,168.2918,0.9780379,4.387296,-64.7232
630,4,136.1359,54.2269,8.152533,2.307396,96.45722,0.7150727,3.220638,-21.38129
630,5,71.46542,27.33264,6.103706,1.72754,57.83384,0.5322653,2.402055,-5.474707
630,6,41.6179,15.54684,4.613985,1.306317,36.16472,0.4010485,1.81598,0.13346
630,7,26.20876,9.717837,3.528568,0.9991162,23.53081,0.3065477,1.389222,1.889751
630,8,17.54901,6.552318,2.729568,0.7729297,15.87795,0.2370803,1.074869,2.186
630,10,9.028296,3.563928,1.684393,0.4769931,7.905184,0.1462894,0.6634384,1.661827
630,12,5.345823,2.336269,1.077483,0.3051243,4.319907,0.09358878,0.4244369,1.067189
630,15,2.983379,1.584699,0.5834842,0.1652253,1.980393,0.05069031,0.2298616,0.5331654
630,20,1.678193,1.19094,0.2370774,0.0671282,0.6780931,0.02060083,0.09340197,0.1863458
630,25,1.279955,1.076573,0.1083621,0.03068106,0.2799542,0.009417325,0.04269332,0.07600801
630,30,1.131147,1.035182,0.05421955,0.01535095,0.1311481,0.004712352,0.02136236,0.03509306
635,3,283.942,122.2984,10.08341,2.853636,157.9147,0.9009898,4.041672,-70.99725
635,4,126.0179,50.25671,7.510291,2.125624,90.24101,0.6587406,2.966922,-24.67518
635,5,66.16726,25.35973,5.622867,1.591447,53.95156,0.4903344,2.212825,-7.314916
635,6,38.55094,14.45242,4.250503,1.203408,33.65747,0.3694546,1.672921,-0.950849
635,7,24.29802,9.059491,3.250594,0.9204076,21.85696,0.2823984,1.279782,1.219658
635,8,16.29042,6.131609,2.514538,0.7120397,14.72589,0.2184035,0.9901931,1.753541
635,10,8.41429,3.368542,1.551699,0.4394164,7.315987,0.134765,0.6111739,1.461133
635,12,5.011978,2.233968,0.9926008,0.2810872,3.992747,0.08621602,0.3910005,0.9628947
635,15,2.830247,1.539697,0.5375184,0.1522092,1.82841,0.04669702,0.2117535,0.4877062
635,20,1.625537,1.176154,0.2184008,0.06183995,0.6255281,0.01897793,0.08604393,0.1715127
635,25,1.258141,1.070619,0.09982555,0.02826406,0.2581507,0.008675445,0.03933001,0.07004838
635,30,1.120904,1.032439,0.04994823,0.01414163,0.1209062,0.004341121,0.01967947,0.03234918
640,3,263.1337,113.4519,9.305007,2.633345,148.5528,0.8314367,3.729669,-76.95657
640,4,116.8235,46.64727,6.930523,1.961533,84.62387,0.6078882,2.737886,-27.78096
640,5,61.35577,23.56712,5.188802,1.468593,50.4405,0.4524823,2.042003,-9.038167
640,6,35.76733,13.45856,3.92238,1.110509,31.38881,0.3409341,1.543777,-1.960009
640,7,22.5647,8.461923,2.99966,0.8493554,20.34194,0.2605983,1.180987,0.5994021
640,8,15.14921,5.749907,2.320425,0.6570728,13.68299,0.2015436,0.9137538,1.355088
640,10,7.857955,3.191402,1.431914,0.405495,6.782602,0.1243616,0.5639934,1.277489
640,12,4.709663,2.141276,0.9159757,0.2593882,3.696629,0.07956046,0.3608167,0.8678794
640,15,2.691666,1.49895,0.4960239,0.1404592,1.690897,0.04309218,0.1954069,0.4464441
640,20,1.577917,1.162776,0.2015411,0.05706613,0.5779937,0.0175129,0.07940164,0.1580835
640,25,1.238422,1.065236,0.09211938,0.02608217,0.2384418,0.008005732,0.03629388,0.06465818
640,30,1.111647,1.029959,0.04609241,0.01304994,0.1116509,0.004006003,0.01816029,0.02986871
645,3,244.4277,105.4961,8.609342,2.43647,140.2101,0.7692765,3.45083,-82.59473
645,4,108.5622,43.40291,6.412381,1.814884,79.60893,0.562441,2.533195,-30.6956
645,5,57.03479,21.95657,4.800874,1.358798,47.30222,0.4186537,1.889338,-10.643
645,6,33.26867,12.56602,3.629134,1.027485,29.35949,0.315445,1.428361,-2.893298
645,7,21.00947,7.925493,2.775398,0.7858555,18.98604,0.2411154,1.092694,0.02934081
645,8,14.12562,5.407378,2.146944,0.6079484,12.74932,0.1864757,0.8454393,0.9908161
645,10,7.359261,3.032537,1.324861,0.3751792,6.304962,0.1150641,0.5218279,1.110928
645,12,4.438795,2.058187,0.8474951,0.2399957,3.431459,0.07361233,0.3338412,0.7821395
645,15,2.567565,1.462444,0.45894,0.1299581,1.56778,0.03987051,0.1807978,0.4093663
645,20,1.535297,1.150799,0.1864734,0.05279973,0.5354525,0.0162036,0.07346539,0.14605
645,25,1.22078,1.060418,0.08523232,0.02413221,0.2208088,0.007407204,0.03358046,0.05983299
645,30,1.103367,1.027741,0.04264643,0.0120743,0.1033723,0.003706504,0.01680258,0.02764927
650,3,227.8675,98.45167,7.996235,2.262959,132.9002,0.7144931,3.205082,-87.90211
650,4,101.252,40.53132,5.955728,1.685639,75.20513,0.5223872,2.352795,-33.41422
650,5,53.21283,20.53157,4.458984,1.262032,44.54198,0.3888396,1.75479,-12.12677
650,6,31.05937,11.77656,3.370688,0.954313,27.57262,0.2929809,1.326641,-3.749236
650,7,19.63478,7.451151,2.57775,0.7298914,17.79118,0.2239445,1.014879,-0.4896627
650,8,13.2211,5.104574,1.994051,0.5646538,11.9261,0.173196,0.785232,0.6612479
650,10,6.918774,2.89216,1.230512,0.3484611,5.883578,0.1068699,0.4846664,0.9616598
650,12,4.199625,1.984793,0.7871414,0.2229046,3.197474,0.06837009,0.3100669,0.7057674
650,15,2.458027,1.430212,0.4262569,0.1207032,1.459142,0.03703116,0.1679224,0.3765042
650,20,1.497694,1.140229,0.1731938,0.04903964,0.4979222,0.01504967,0.0682336,0.1354188
650,25,1.205219,1.056167,0.07916256,0.02241365,0.205256,0.006879706,0.03118905,0.0555746
650,30,1.096065,1.025785,0.0396094,0.01121444,0.09607151,0.003442548,0.015606,0.02569138
655,3,213.5111,92.3456,7.466246,2.11297,126.6436,0.6671366,2.99265,-92.86666
655,4,94.91788,38.04278,5.560984,1.573915,71.42594,0.4877635,2.196853,-35.93043
655,5,49.90206,19.29689,4.163443,1.178385,42.16786,0.3630674,1.638483,-13.48594
655,6,29.14599,11.09267,3.147279,0.8910613,26.03318,0.2735621,1.238711,-4.525756
655,7,18.44445,7.040311,2.406898,0.6815144,16.76053,0.2091015,0.9476126,-0.9563548
655,8,12.43802,4.842348,1.861886,0.5272287,11.2154,0.1617166,0.733187,0.3671727
655,10,6.537526,2.770626,1.148954,0.3253652,5.519413,0.09978655,0.4525428,0.8300286
655,12,3.992661,1.921265,0.7349699,0.2081306,2.995164,0.06383853,0.2895158,0.6389306
655,15,2.363261,1.402319,0.3980047,0.112703,1.365186,0.03457674,0.1567926,0.3479237
655,20,1.46517,1.131085,0.1617146,0.0457893,0.4654634,0.01405218,0.06371109,0.1262086
655,25,1.191761,1.052491,0.07391568,0.02092808,0.191806,0.006423721,0.02912185,0.05188964
655,30,1.08975,1.024092,0.0369841,0.01047115,0.0897583,0.003214377,0.01457164,0.02399785
660,3,201.4267,87.20935,7.020487,1.986819,121.4664,0.6273064,2.813979,-97.47454
660,4,89.58957,35.94948,5.228975,1.479947,68.28813,0.4586424,2.065693,-38.23681
660,5,47.11734,18.25831,3.914872,1.108031,40.19008,0.3413911,1.54066,-14.71629
660,6,27.53669,10.5174,2.959376,0.8378621,24.74752,0.2572296,1.164756,-5.220364
660,7,17.44332,6.694725,2.263198,0.6408258,15.89816,0.1966175,0.8910371,-1.369196
660,8,11.77942,4.621772,1.750725,0.4957514,10.61992,0.1520616,0.6894133,0.1095763
660,10,6.216891,2.668396,1.080357,0.3059398,5.213766,0.09382897,0.4255245,0.7164794
660,12,3.818602,1.867828,0.6910898,0.1957045,2.825207,0.06002717,0.2722307,0.5818515
660,15,2.283561,1.378858,0.3742425,0.1059743,1.286204,0.0325124,0.1474315,0.323716
660,20,1.437816,1.123393,0.1520597,0.04305553,0.4381678,0.01321322,0.05990733,0.1184465
660,25,1.180443,1.049398,0.06950268,0.0196786,0.1804943,0.006040204,0.02738318,0.04878829
660,30,1.08444,1.022669,0.03477603,0.009845984,0.08444864,0.003022468,0.01370166,0.02257311
665,3,191.5961,83.03708,6.657205,1.884009,117.3546,0.5948458,2.668367,-101.7278
665,4,85.25882,34.24856,4.958397,1.403366,65.7849,0.4349095,1.958802,-40.33488
665,5,44.85378,17.41419,3.712293,1.050695,38.60427,0.3237255,1.460937,-15.81892
665,6,26.22834,10.04973,2.806241,0.794506,23.71271,0.243919,1.104485,-5.83384
665,7,16.62926,6.413717,2.146087,0.6076656,15.20203,0.1864433,0.8449294,-1.72875
665,8,11.2438,4.44238,1.660132,0.4700983,10.13821,0.144193,0.6537389,-0.1119527
665,10,5.95605,2.585228,1.024453,0.2901087,4.965826,0.0889737,0.4035053,0.620783
665,12,3.676968,1.824344,0.6553287,0.1855776,2.687125,0.056921,0.2581439,0.5343956
665,15,2.218689,1.35976,0.354877,0.1004906,1.221958,0.03083001,0.1398025,0.303815
665,20,1.415543,1.11713,0.1441912,0.04082758,0.4159464,0.01252949,0.05680737,0.1121084
665,25,1.171225,1.04688,0.06590619,0.01866031,0.1712823,0.005727647,0.02596621,0.04626029
665,30,1.080114,1.02151,0.03297651,0.009336494,0.08012373,0.002866068,0.01299265,0.02141226
670,3,183.7381,79.70962,6.36569,1.801509,114.1744,0.5687979,2.55152,-105.6765
670,4,81.8014,32.8913,4.741271,1.341913,63.83714,0.4158651,1.873027,-42.25322
670,5,43.04628,16.74029,3.549734,1.004686,37.36145,0.3095497,1.396964,-16.811
670,6,25.18321,9.676207,2.683357,0.759715,22.8973,0.2332379,1.05612,-6.376929
670,7,15.97875,6.189189,2.052111,0.5810562,14.65124,0.1782791,0.8079304,-2.041994
670,8,10.81565,4.298993,1.587436,0.4495129,9.755905,0.1378789,0.6251121,-0.3020999
670,10,5.747429,2.518712,0.979593,0.277405,4.768283,0.08507759,0.385836,0.5406419
670,12,3.563635,1.78955,0.6266322,0.1774512,2.576866,0.05442846,0.2468399,0.4953294
670,15,2.166751,1.344471,0.3393371,0.09609013,1.170566,0.02947998,0.1336807,0.2876697
670,20,1.3977,1.112113,0.1378772,0.03903976,0.3981482,0.01198083,0.05431981,0.1070119
670,25,1.163837,1.044862,0.0630202,0.01784319,0.1638997,0.005476837,0.02482916,0.04423195
670,30,1.076646,1.02058,0.03153248,0.008927654,0.07665662,0.002740564,0.01242371,0.02048132
675,3,177.546,77.09641,6.134539,1.736093,111.7809,0.5481437,2.45887,-109.3753
675,4,79.08177,31.82446,4.569106,1.293185,62.35898,0.4007642,1.805014,-44.02304
675,5,41.62393,16.2102,3.420836,0.9682035,36.40848,0.2983093,1.346237,-17.71123
675,6,24.3603,9.382183,2.585919,0.7321282,22.26721,0.2247686,1.01777,-6.861316
675,7,15.46627,6.012339,1.977595,0.5599569,14.22315,0.1718054,0.7785929,-2.316506
675,8,10.47817,4.185993,1.529793,0.4331902,9.457508,0.1328722,0.602413,-0.4659451
675,10,5.582848,2.466243,0.944022,0.2673318,4.613249,0.08198825,0.3718255,0.4735718
675,12,3.474163,1.762084,0.6038779,0.1710076,2.490064,0.05245205,0.2378766,0.4633222
675,15,2.125712,1.332392,0.3270151,0.0926009,1.130007,0.02840951,0.1288264,0.2746867
675,20,1.383587,1.108146,0.1328706,0.03762215,0.3840755,0.01154578,0.05234734,0.1029609
675,25,1.15799,1.043264,0.06073181,0.01719527,0.1580575,0.005277962,0.02392756,0.04262433
675,30,1.0739,1.019845,0.03038748,0.008603473,0.07391159,0.002641049,0.01197258,0.01974392
680,3,172.7368,75.07689,5.953356,1.684818,110.0409,0.5319543,2.386247,-112.8746
680,4,76.97498,30.99895,4.434158,1.254991,61.27141,0.3889277,1.751703,-45.67308
680,5,40.52147,15.79955,3.319802,0.9396077,35.69648,0.2894988,1.306476,-18.53683
680,6,23.72191,9.15418,2.509544,0.7105049,21.7911,0.2181301,0.9877105,-7.297745
680,7,15.06837,5.875073,1.919187,0.5434186,13.89698,0.1667311,0.7555972,-2.559249
680,8,10.21596,4.098213,1.484611,0.420396,9.228777,0.1289478,0.5846208,-0.6081545
680,10,5.454803,2.425429,0.9161404,0.2594362,4.49349,0.07956674,0.3608437,0.4172924
680,12,3.404479,1.740695,0.5860425,0.1659569,2.42272,0.05090289,0.230851,0.4371534
680,15,2.093709,1.322973,0.3173568,0.08986595,1.098428,0.02757044,0.1250216,0.2643223
680,20,1.372566,1.105048,0.1289463,0.03651098,0.3730901,0.01120478,0.05080127,0.09977603
680,25,1.15342,1.042016,0.0589381,0.01668741,0.1534915,0.005122078,0.02322087,0.04136527
680,30,1.071753,1.019269,0.02948999,0.00834937,0.07176466,0.002563046,0.01161897,0.01916686
685,3,169.0492,73.53946,5.812637,1.644994,108.8319,0.5193806,2.329844,-116.221
685,4,75.36563,30.36935,4.329348,1.225327,60.50159,0.3797346,1.710298,-47.22982
685,5,39.67863,15.48587,3.241332,0.9173983,35.1804,0.282656,1.275595,-19.30367
685,6,23.23326,8.979754,2.450226,0.6937108,21.44012,0.2129742,0.964364,-7.696121
685,7,14.76345,5.769925,1.873823,0.5305739,13.65358,0.1627901,0.7377372,-2.776638
685,8,10.0148,4.030894,1.449519,0.4104591,9.056604,0.1258999,0.5708021,-0.7330259
685,10,5.356393,2.394068,0.8944857,0.2533039,4.402354,0.07768603,0.3523145,0.3697056
685,12,3.350841,1.724235,0.5721902,0.1620342,2.371157,0.0496997,0.2253944,0.4157008
685,15,2.069033,1.315712,0.3098554,0.08774179,1.074131,0.02691875,0.1220664,0.2560774
685,20,1.364051,1.102655,0.1258984,0.03564797,0.364607,0.01093993,0.04960048,0.09729288
685,25,1.149884,1.041051,0.05754499,0.01629297,0.1499595,0.005001008,0.022672,0.04038858
685,30,1.07009,1.018824,0.02879293,0.008152016,0.07010231,0.002502463,0.01134434,0.01871968
690,3,166.241,72.38053,5.703665,1.614154,108.0408,0.5096435,2.286165,-119.4574
690,4,74.14674,29.89357,4.248184,1.202355,59.98212,0.3726156,1.678234,-48.71779
690,5,39.03962,15.24829,3.180566,0.9001994,34.81857,0.2773569,1.251681,-20.02644
690,6,22.86216,8.847386,2.404291,0.6807055,21.1876,0.2089814,0.9462847,-8.065603
690,7,14.53151,5.689988,1.838694,0.520627,13.47527,0.1597382,0.7239065,-2.974606
690,8,9.861574,3.979635,1.422344,0.402764,8.928888,0.1235396,0.5601011,-0.8445297
690,10,5.281247,2.370125,0.8777164,0.2485551,4.333702,0.07622961,0.3457095,0.3288746
690,12,3.309801,1.711642,0.5614631,0.1589965,2.331987,0.04876796,0.2211688,0.3979292
690,15,2.050106,1.310144,0.3040464,0.08609686,1.055551,0.0264141,0.119778,0.2494917
690,20,1.357501,1.100815,0.1235381,0.03497967,0.3580877,0.01073484,0.0486706,0.09536002
690,25,1.14716,1.040307,0.05646617,0.01598752,0.147239,0.004907252,0.02224695,0.03963344
690,30,1.068807,1.01848,0.02825314,0.007999187,0.06882021,0.002455549,0.01113166,0.01837441
695,3,164.0871,71.50364,5.618417,1.590029,107.5628,0.5020263,2.251996,-122.6239
695,4,73.2189,29.53241,4.18469,1.184385,59.65048,0.3670464,1.653151,-50.15978
695,5,38.55261,15.06745,3.133029,0.8867448,34.57236,0.2732115,1.232973,-20.71876
695,6,22.57875,8.746376,2.368356,0.6705315,21.00879,0.205858,0.9321413,-8.41469
695,7,14.35404,5.628852,1.811212,0.5128456,13.34567,0.1573508,0.7130869,-3.158651
695,8,9.744121,3.940354,1.401086,0.3967443,8.834417,0.1216932,0.5517297,-0.9463464
695,10,5.223468,2.351718,0.8645979,0.2448402,4.281854,0.07509027,0.3405424,0.2930056
695,12,3.278165,1.701936,0.5530714,0.1566201,2.302077,0.04803907,0.2178632,0.3828809
695,15,2.035474,1.30584,0.2995021,0.08481004,1.041241,0.02601931,0.1179878,0.2441399
695,20,1.352421,1.099388,0.1216917,0.03445685,0.3530355,0.01057439,0.04794316,0.09383759
695,25,1.145042,1.039729,0.05562222,0.01574856,0.1451247,0.004833907,0.02191445,0.03904369
695,30,1.067808,1.018213,0.02783086,0.00787963,0.06782221,0.002418848,0.01096528,0.01810525
700,3,162.3777,70.81863,5.54948,1.570519,107.3008,0.4958665,2.224364,-125.7578
700,4,72.48933,29.24932,4.133345,1.169853,59.44843,0.3625428,1.632867,-51.57702
700,5,38.16928,14.92528,3.094587,0.8758646,34.40575,0.2698592,1.217845,-21.39335
700,6,22.35522,8.666751,2.339296,0.6623042,20.88066,0.2033321,0.9207041,-8.751296
700,7,14.21378,5.580545,1.788989,0.506553,13.24952,0.1554201,0.7043374,-3.333893
700,8,9.651125,3.909253,1.383895,0.3918762,8.762764,0.1202,0.54496,-1.041901
700,10,5.177576,2.337093,0.8539894,0.241836,4.24153,0.07416892,0.336364,0.2604312
700,12,3.252972,1.694204,0.5462853,0.1546984,2.278515,0.04744963,0.21519,0.3696659
700,15,2.023785,1.302401,0.2958273,0.08376943,1.029859,0.02570005,0.1165401,0.2396272
700,20,1.348348,1.098244,0.1201985,0.03403407,0.3489898,0.01044465,0.0473549,0.09259597
700,25,1.143341,1.039265,0.05493974,0.01555533,0.1434266,0.004774596,0.02164556,0.03856732
700,30,1.067005,1.017998,0.02748938,0.007782947,0.06701927,0.002389169,0.01083074,0.01788831
705,3,160.9166,70.24098,5.489976,1.55368,107.1643,0.4905496,2.200513,-128.894
705,4,71.8712,29.01002,4.089025,1.157309,59.32155,0.3586554,1.615359,-52.98939
705,5,37.8444,14.80486,3.061405,0.8664732,34.28512,0.2669656,1.204786,-22.06208
705,6,22.16553,8.599182,2.314213,0.6552026,20.78171,0.2011519,0.9108319,-9.082821
705,7,14.09461,5.539486,1.769806,0.5011215,13.17258,0.1537536,0.6967852,-3.505117
705,8,9.572018,3.88278,1.369056,0.3876744,8.704193,0.1189112,0.5391167,-1.134391
705,10,5.138455,2.324617,0.8448326,0.239243,4.207806,0.07337365,0.3327574,0.2295951
705,12,3.231458,1.687595,0.5404278,0.1530396,2.25859,0.04694086,0.2128826,0.3574544
705,15,2.013781,1.299456,0.2926553,0.08287121,1.020156,0.02542449,0.1152905,0.2355858
705,20,1.344855,1.097262,0.1189097,0.03366914,0.3455223,0.01033266,0.04684714,0.09151452
705,25,1.141879,1.038866,0.05435065,0.01538854,0.1419678,0.004723401,0.02141347,0.03815597
705,30,1.066314,1.017813,0.02719463,0.007699495,0.06632867,0.002363551,0.01071461,0.01770138
710,3,159.5613,69.70922,5.43493,1.538101,107.088,0.485631,2.178449,-132.0579
710,4,71.30142,28.78961,4.048026,1.145705,59.23033,0.3550593,1.599162,-54.41131
710,5,37.54516,14.69389,3.030709,0.8577853,34.18603,0.2642889,1.192706,-22.73358
710,6,21.99081,8.536894,2.291009,0.6486331,20.69631,0.199135,0.9016992,-9.414633
710,7,13.98482,5.501623,1.752061,0.4960969,13.10451,0.152212,0.6897987,-3.675792
710,8,9.499131,3.858361,1.355329,0.3837873,8.651643,0.1177189,0.5337111,-1.226137
710,10,5.102396,2.313102,0.8363617,0.2368441,4.17711,0.07263796,0.3294209,0.199369
710,12,3.211619,1.681495,0.5350091,0.1515051,2.240333,0.0464702,0.2107481,0.3456449
710,15,2.004552,1.296736,0.2897209,0.08204029,1.011226,0.02516956,0.1141345,0.2317491
710,20,1.341628,1.096355,0.1177174,0.03333155,0.3423226,0.01022905,0.04637742,0.09050583
710,25,1.140528,1.038497,0.05380569,0.01523424,0.1406205,0.00467604,0.02119876,0.03777459
710,30,1.065675,1.017642,0.02692196,0.007622294,0.06569051,0.002339852,0.01060718,0.01752839
715,3,158.2976,69.21725,5.383776,1.523625,107.0647,0.4810602,2.157946,-135.252
715,4,70.77358,28.58559,4.009925,1.134921,59.17066,0.3517175,1.584111,-55.84421
715,5,37.26816,14.59114,3.002184,0.8497118,34.10596,0.2618014,1.181481,-23.4087
715,6,21.82909,8.479191,2.269446,0.6425281,20.62284,0.1972607,0.8932124,-9.747277
715,7,13.8832,5.466535,1.735571,0.4914276,13.04422,0.1507793,0.6833063,-3.846276
715,8,9.431657,3.835726,1.342572,0.380175,8.604366,0.1166109,0.5286878,-1.317379
715,10,5.069004,2.302424,0.8284898,0.2346149,4.14906,0.07195429,0.3263204,0.169634
715,12,3.19324,1.675835,0.5299736,0.1500792,2.223534,0.04603282,0.2087646,0.3341733
715,15,1.995996,1.294211,0.286994,0.08126812,1.002971,0.02493267,0.1130603,0.2280884
715,20,1.338636,1.095512,0.1166095,0.03301783,0.3393566,0.01013278,0.04594091,0.08956036
715,25,1.139275,1.038155,0.05329927,0.01509086,0.1393703,0.004632029,0.02099924,0.03741933
715,30,1.065082,1.017483,0.02666857,0.007550553,0.06509812,0.00231783,0.01050734,0.01736755
720,3,157.133,68.76854,5.336718,1.510307,107.0979,0.4768554,2.139084,-138.4747
720,4,70.29113,28.39933,3.974876,1.125001,59.1446,0.3486432,1.570264,-57.28725
720,5,37.01519,14.49725,2.975943,0.8422847,34.04615,0.259513,1.171154,-24.08697
720,6,21.68137,8.426435,2.24961,0.636912,20.56208,0.1955365,0.885405,-10.08046
720,7,13.79035,5.434437,1.720401,0.4871322,12.99224,0.1494614,0.6773337,-4.016383
720,8,9.369985,3.815008,1.330837,0.376852,8.562713,0.1155917,0.5240667,-1.407996
720,10,5.038461,2.292642,0.8212482,0.2325642,4.123831,0.07132535,0.3234681,0.1404471
720,12,3.176417,1.670647,0.5253412,0.1487674,2.208286,0.04563046,0.2069398,0.3230691
720,15,1.988158,1.291896,0.2844855,0.08055778,0.9954321,0.02471474,0.112072,0.2246164
720,20,1.335891,1.094739,0.1155902,0.03272923,0.3366382,0.01004421,0.04553936,0.0886821
720,25,1.138124,1.03784,0.0528334,0.01495895,0.138223,0.004591542,0.02081569,0.03709174
720,30,1.064538,1.017337,0.02643546,0.007484556,0.06455409,0.00229757,0.0104155,0.01721956
725,3,156.0752,68.36652,5.293956,1.498205,107.1906,0.4730345,2.121944,-141.7246
725,4,69.85745,28.23221,3.943026,1.115987,59.15415,0.3458496,1.557682,-58.73965
725,5,36.78795,14.4129,2.952098,0.8355357,34.00785,0.2574336,1.161769,-24.76792
725,6,21.54862,8.37898,2.231584,0.6318086,20.51483,0.1939698,0.8783105,-10.4139
725,7,13.70686,5.405535,1.706615,0.483229,12.94907,0.1482638,0.6719064,-4.185934
725,8,9.314495,3.796337,1.320174,0.3738324,8.527032,0.1146654,0.5198675,-1.497871
725,10,5.010946,2.283815,0.8146678,0.2307008,4.101594,0.07075384,0.3208762,0.1118637
725,12,3.161245,1.66596,0.5211318,0.1475753,2.194682,0.04526483,0.2052817,0.3123611
725,15,1.981079,1.289801,0.282206,0.07991229,0.9886516,0.02451671,0.111174,0.2213453
725,20,1.333407,1.094039,0.114664,0.03246698,0.3341811,0.009963727,0.04517446,0.08787496
725,25,1.137082,1.037555,0.05241006,0.01483909,0.137184,0.004554751,0.0206489,0.03679336
725,30,1.064044,1.017205,0.02622364,0.007424584,0.06406097,0.00227916,0.01033204,0.01708512
730,3,155.1315,68.01453,5.255689,1.487376,107.3457,0.4696152,2.106605,-145.0003
730,4,69.47582,28.08553,3.914524,1.10792,59.20129,0.3433497,1.546423,-60.20062
730,5,36.58814,14.33872,2.930759,0.8294961,33.99227,0.2555728,1.153372,-25.45111
730,6,21.43179,8.337174,2.215454,0.6272416,20.48185,0.1925677,0.8719617,-10.74732
730,7,13.63331,5.380034,1.694279,0.479736,12.91523,0.1471921,0.6670496,-4.354754
730,8,9.265563,3.779841,1.310631,0.3711302,8.497662,0.1138366,0.5161097,-1.586888
730,10,4.986636,2.275998,0.808779,0.2290332,4.082517,0.07024241,0.3185568,0.0839383
730,12,3.147817,1.661803,0.5173648,0.1465086,2.182812,0.04493764,0.2037978,0.3020778
730,15,1.974799,1.28794,0.2801661,0.07933465,0.9826699,0.02433949,0.1103704,0.2182875
730,20,1.331198,1.093415,0.1138352,0.0322323,0.3319989,0.009891705,0.04484792,0.08714282
730,25,1.136153,1.037301,0.05203122,0.01473183,0.1362589,0.004521828,0.02049964,0.03652572
730,30,1.063604,1.017087,0.02603409,0.007370916,0.06362129,0.002262686,0.01025736,0.01696491
735,3,154.3091,67.71585,5.222114,1.477874,107.5662,0.4666151,2.093147,-148.3006
735,4,69.14948,27.9606,3.889517,1.100842,59.28796,0.3411562,1.536543,-61.66942
735,5,36.41743,14.27534,2.912036,0.8241969,34.00061,0.2539401,1.146003,-26.13608
735,6,21.33183,8.301357,2.2013,0.6232345,20.4639,0.1913375,0.8663913,-11.08045
735,7,13.57027,5.358133,1.683456,0.4766712,12.89121,0.1462518,0.6627882,-4.522672
735,8,9.223558,3.765645,1.302258,0.3687593,8.47494,0.1131094,0.5128126,-1.674935
735,10,4.965704,2.269249,0.8036122,0.22757,4.066767,0.06979367,0.3165217,0.05672437
735,12,3.136224,1.658205,0.5140597,0.1455726,2.172766,0.04465056,0.2024958,0.2922469
735,15,1.96936,1.286324,0.2783763,0.07882783,0.9775276,0.024184,0.1096653,0.2154549
735,20,1.329278,1.092873,0.113108,0.03202639,0.3301051,0.009828513,0.04456142,0.08648949
735,25,1.135344,1.037079,0.05169882,0.01463771,0.135453,0.004492941,0.02036868,0.03629029
735,30,1.06322,1.016984,0.02586777,0.007323828,0.06323755,0.002248231,0.01019183,0.01685962
740,3,153.6148,67.47369,5.193425,1.469755,107.8549,0.4640517,2.081648,-151.624
740,4,68.88163,27.8587,3.868149,1.094795,59.41606,0.339282,1.528102,-63.14531
740,5,36.27744,14.22338,2.896038,0.819669,34.03405,0.252545,1.139708,-26.82241
740,6,21.24965,8.271864,2.189207,0.6198106,20.46173,0.1902863,0.8616315,-11.41303
740,7,13.51831,5.340032,1.674207,0.4740525,12.87749,0.1454483,0.659147,-4.689519
740,8,9.188843,3.753873,1.295104,0.3667334,8.459198,0.112488,0.5099953,-1.7619
740,10,4.948322,2.263624,0.7991974,0.2263198,4.054507,0.06941024,0.3147828,0.03027449
740,12,3.126557,1.655193,0.5112356,0.1447729,2.164634,0.04440526,0.2013834,0.2828958
740,15,1.964802,1.284966,0.276847,0.07839477,0.9732644,0.02405114,0.1090629,0.2128594
740,20,1.327659,1.092414,0.1124866,0.03185044,0.3285128,0.009774518,0.04431661,0.08591874
740,25,1.13466,1.036891,0.0514148,0.0145573,0.1347718,0.004468257,0.02025678,0.03608857
740,30,1.062894,1.016896,0.02572566,0.007283592,0.06291223,0.002235879,0.01013584,0.01676989
745,3,153.0556,67.29123,5.169815,1.463073,108.2145,0.4619421,2.072185,-154.9692
745,4,68.67538,27.78109,3.850564,1.089818,59.58748,0.3377396,1.521155,-64.62759
745,5,36.16978,14.18346,2.882872,0.8159427,34.09375,0.2513969,1.134526,-27.50968
745,6,21.18617,8.249027,2.179255,0.6169929,20.47608,0.1894213,0.8577145,-11.7448
745,7,13.47798,5.325922,1.666596,0.4718974,12.87457,0.1447871,0.6561505,-4.85513
745,8,9.16178,3.744647,1.289216,0.3650662,8.450763,0.1119766,0.5076768,-1.847675
745,10,4.934661,2.259175,0.7955642,0.2252909,4.045902,0.0690947,0.3133518,0.00464039
745,12,3.118906,1.652796,0.5089115,0.1441148,2.158502,0.04420339,0.2004679,0.2740518
745,15,1.961164,1.283878,0.2755884,0.07803838,0.96992,0.0239418,0.1085671,0.2105128
745,20,1.326356,1.092044,0.1119752,0.03170565,0.3272353,0.009730083,0.04411514,0.0854343
745,25,1.134105,1.036739,0.05118107,0.01449112,0.1342205,0.004447945,0.02016469,0.03592201
745,30,1.062629,1.016825,0.02560871,0.007250481,0.06264776,0.002225715,0.01008976,0.01669641
750,3,152.6381,67.17158,5.151477,1.457883,108.6476,0.4603035,2.064834,-158.3352
750,4,68.53382,27.729,3.836905,1.085952,59.80406,0.3365416,1.515759,-66.11556
750,5,36.09606,14.15617,2.872646,0.8130484,34.18088,0.2505052,1.130502,-28.19749
750,6,21.1423,8.233169,2.171525,0.6148043,20.50768,0.1887493,0.854672,-12.07551
750,7,13.44984,5.315997,1.660684,0.4702235,12.88293,0.1442735,0.653823,-5.019345
750,8,9.142724,3.738086,1.284643,0.3637712,8.449959,0.1115794,0.505876,-1.932153
750,10,4.924888,2.255958,0.7927422,0.2244918,4.04111,0.06884961,0.3122403,-0.02012704
750,12,3.11336,1.651041,0.5071063,0.1436035,2.154459,0.0440466,0.1997568,0.2657413
750,15,1.958487,1.28307,0.2746108,0.07776156,0.9675333,0.02385687,0.1081819,0.2084265
750,20,1.32538,1.091765,0.111578,0.03159318,0.3262856,0.009695568,0.04395865,0.08503983
750,25,1.133686,1.036623,0.05099952,0.01443972,0.1338043,0.004432167,0.02009316,0.03579205
750,30,1.062427,1.016771,0.02551787,0.007224762,0.06244659,0.00221782,0.01005397,0.01663982
755,3,152.3687,67.11779,5.138599,1.454239,109.1568,0.4591528,2.059673,-161.7206
755,4,68.45996,27.70365,3.827314,1.083237,60.06762,0.3357003,1.51197,-67.60853
755,5,36.05781,14.14209,2.865465,0.8110158,34.29655,0.2498789,1.127676,-28.88541
755,6,21.11891,8.224609,2.166096,0.6132674,20.55725,0.1882775,0.8525354,-12.4049
755,7,13.43442,5.310444,1.656533,0.469048,12.90303,0.1439129,0.6521885,-5.182004
755,8,9.132024,3.734308,1.281432,0.3628619,8.457106,0.1113005,0.5046114,-2.01523
755,10,4.919168,2.254025,0.7907604,0.2239306,4.040291,0.06867749,0.3114597,-0.04397779
755,12,3.110007,1.649955,0.5058386,0.1432446,2.152589,0.04393648,0.1992574,0.2579907
755,15,1.956808,1.282555,0.2739243,0.07756717,0.966143,0.02379723,0.1079115,0.2066118
755,20,1.324744,1.091582,0.1112991,0.0315142,0.3256764,0.00967133,0.04384876,0.08473897
755,25,1.133407,1.036546,0.05087202,0.01440362,0.1335286,0.004421087,0.02004293,0.03570014
755,30,1.062291,1.016734,0.02545408,0.0072067,0.0623111,0.002212276,0.01002884,0.01660076
760,3,152.2505,67.13142,5.131256,1.452161,109.7431,0.4584967,2.05673,-165.1249
760,4,68.45531,27.70564,3.821845,1.081689,60.37904,0.3352206,1.50981,-69.1062
760,5,36.05583,14.14153,2.86137,0.809857,34.44133,0.2495219,1.126065,-29.57328
760,6,21.11645,8.223506,2.163001,0.6123911,20.62514,0.1880085,0.8513172,-12.73287
760,7,13.43199,5.309355,1.654166,0.4683778,12.9351,0.1437072,0.6512565,-5.343033
760,8,9.12985,3.73337,1.279601,0.3623434,8.472357,0.1111414,0.5038903,-2.096855
760,10,4.91758,2.253402,0.7896305,0.2236106,4.04352,0.06857936,0.3110147,-0.06688867
760,12,3.108887,1.64955,0.5051158,0.1430399,2.152933,0.0438737,0.1989727,0.2508118
760,15,1.956147,1.282338,0.2735329,0.07745633,0.9657666,0.02376323,0.1077573,0.205074
760,20,1.324456,1.091496,0.1111401,0.03146917,0.3254135,0.009657511,0.04378611,0.0845333
760,25,1.133271,1.036508,0.05079933,0.01438304,0.1333955,0.00441477,0.02001429,0.03564686
760,30,1.062222,1.016715,0.02541771,0.007196403,0.06224231,0.002209115,0.01001451,0.01657952
765,3,152.2623,67.2035,5.128713,1.451441,110.3965,0.4582694,2.05571,-168.5519
765,4,68.51063,27.73135,3.81995,1.081153,60.73253,0.3350544,1.509061,-70.61072
765,5,36.0853,14.15268,2.859952,0.8094555,34.61164,0.2493982,1.125506,-30.26237
765,6,21.13213,8.228865,2.161929,0.6120875,20.70906,0.1879153,0.8508952,-13.06021
765,7,13.44084,5.312134,1.653346,0.4681456,12.97763,0.143636,0.6509337,-5.502948
765,8,9.135077,3.734894,1.278966,0.3621637,8.494677,0.1110863,0.5036405,-2.177373
765,10,4.91958,2.253913,0.7892391,0.2234997,4.050272,0.06854536,0.3108605,-0.0890263
765,12,3.109705,1.649736,0.5048654,0.142969,2.155201,0.04385196,0.1988741,0.2441161
765,15,1.956367,1.282378,0.2733973,0.07741793,0.9662708,0.02375145,0.1077039,0.2037737
765,20,1.324467,1.091494,0.111085,0.03145357,0.325451,0.009652724,0.0437644,0.08440993
765,25,1.133258,1.036503,0.05077415,0.01437591,0.1333861,0.004412581,0.02000437,0.03562706
765,30,1.06221,1.016712,0.02540511,0.007192835,0.06223138,0.00220802,0.01000954,0.01657371
770,3,152.3733,67.32075,5.129908,1.451779,111.1029,0.4583762,2.056189,-172.0072
770,4,68.61231,27.77539,3.82084,1.081405,61.1196,0.3351325,1.509413,-72.12525
770,5,36.13916,14.1729,2.860618,0.8096441,34.80222,0.2494563,1.125768,-30.95456
770,6,21.16192,8.239229,2.162432,0.6122301,20.80566,0.187959,0.8510934,-13.38808
770,7,13.45844,5.31791,1.653731,0.4682547,13.02841,0.1436694,0.6510853,-5.662499
770,8,9.146059,3.738326,1.279264,0.3622481,8.522551,0.1111122,0.5037579,-2.257285
770,10,4.924372,2.255305,0.7894229,0.2235518,4.059782,0.06856133,0.3109329,-0.1106339
770,12,3.112034,1.650381,0.504983,0.1430023,2.158973,0.04386217,0.1989204,0.237774
770,15,1.957276,1.28262,0.273461,0.07743597,0.967462,0.02375698,0.107729,0.2026537
770,20,1.324713,1.091558,0.1111108,0.0314609,0.3257228,0.009654972,0.0437746,0.08435014
770,25,1.133342,1.036524,0.05078598,0.01437926,0.1334732,0.004413609,0.02000903,0.03563325
770,30,1.062244,1.01672,0.02541103,0.007194511,0.06226552,0.002208534,0.01001187,0.0165799
775,3,152.554,67.47041,5.133828,1.452888,111.8489,0.4587264,2.05776,-175.4962
775,4,68.74729,27.83261,3.82376,1.082231,61.5321,0.3353886,1.510566,-73.65285
775,5,36.21061,14.19964,2.862804,0.8102628,35.00807,0.2496469,1.126629,-31.65167
775,6,21.20189,8.253196,2.164085,0.6126979,20.91173,0.1881027,0.8517438,-13.71762
775,7,13.48239,5.325847,1.654995,0.4686125,13.0853,0.1437792,0.6515829,-5.822411
775,8,9.161217,3.743134,1.280242,0.3625249,8.554527,0.1111971,0.5041428,-2.337073
775,10,4.931193,2.257332,0.7900262,0.2237226,4.071317,0.06861372,0.3111705,-0.1319445
775,12,3.115461,1.651357,0.5053689,0.1431115,2.163845,0.04389569,0.1990724,0.2316618
775,15,1.958684,1.283006,0.27367,0.07749514,0.9691544,0.02377514,0.1078113,0.2016592
775,20,1.32513,1.091669,0.1111957,0.03148494,0.3261652,0.00966235,0.04380805,0.08433604
775,25,1.133496,1.036565,0.05082479,0.01439024,0.1336304,0.004416982,0.02002432,0.03565825
775,30,1.062311,1.016738,0.02543045,0.007200009,0.0623325,0.002210221,0.01001952,0.0165948
780,3,152.7762,67.64023,5.139505,1.454495,112.6216,0.4592337,2.060036,-179.0241
780,4,68.90302,27.89804,3.827989,1.083428,61.96223,0.3357595,1.512237,-75.19643
780,5,36.29313,14.23045,2.86597,0.8111588,35.22434,0.249923,1.127875,-32.35544
780,6,21.24832,8.269422,2.166478,0.6133755,21.02418,0.1883107,0.8526857,-14.04989
780,7,13.51037,5.335141,1.656825,0.4691307,13.14626,0.1439382,0.6523034,-5.983377
780,8,9.179036,3.748808,1.281658,0.3629258,8.589212,0.1113201,0.5047003,-2.417199
780,10,4.939313,2.259761,0.7908999,0.22397,4.084173,0.0686896,0.3115146,-0.1531819
780,12,3.119592,1.652543,0.5059278,0.1432698,2.16943,0.04394423,0.1992925,0.2256606
780,15,1.960415,1.283484,0.2739726,0.07758084,0.9711705,0.02380143,0.1079305,0.2007379
780,20,1.325656,1.09181,0.1113187,0.03151976,0.3267176,0.009673036,0.04385649,0.08435049
780,25,1.133695,1.036618,0.050881,0.01440616,0.1338329,0.004421867,0.02004646,0.03569522
780,30,1.062398,1.016761,0.02545857,0.007207971,0.06242062,0.002212666,0.01003061,0.01661528
785,3,153.0125,67.81838,5.146014,1.456337,113.4086,0.4598154,2.062645,-182.596
785,4,69.06745,27.96691,3.832837,1.0848,62.40248,0.3361847,1.514152,-76.75884
785,5,36.38046,14.26299,2.8696,0.8121862,35.44639,0.2502395,1.129303,-33.06755
785,6,21.2976,8.286614,2.169222,0.6141523,21.14004,0.1885492,0.8537657,-14.38594
785,7,13.54016,5.34502,1.658923,0.4697249,13.20933,0.1441205,0.6531296,-6.146063
785,8,9.198058,3.75486,1.283281,0.3633855,8.625266,0.1114611,0.5053395,-2.498108
785,10,4.948028,2.262368,0.7919016,0.2242537,4.097674,0.0687766,0.3119092,-0.1745607
785,12,3.12405,1.653823,0.5065686,0.1434513,2.175356,0.04399989,0.1995449,0.2196564
785,15,1.962295,1.284005,0.2743196,0.0776791,0.9733395,0.02383158,0.1080672,0.1998394
785,20,1.326234,1.091965,0.1114597,0.03155968,0.3273216,0.009685287,0.04391204,0.08437707
785,25,1.133915,1.036676,0.05094544,0.0144244,0.1340567,0.004427467,0.02007185,0.03573758
785,30,1.062496,1.016786,0.02549081,0.0072171,0.06251868,0.002215468,0.01004331,0.01663832
790,3,153.237,67.99348,5.152468,1.458163,114.1983,0.460392,2.065231,-186.2165
790,4,69.22893,28.03462,3.837643,1.08616,62.84563,0.3366063,1.516051,-78.34278
790,5,36.46655,14.29499,2.873199,0.8132047,35.66975,0.2505533,1.130719,-33.7896
790,6,21.34625,8.303526,2.171942,0.6149225,21.25647,0.1887856,0.8548363,-14.72676
790,7,13.56961,5.354742,1.661004,0.4703139,13.27263,0.1443013,0.6539486,-6.311114
790,8,9.216883,3.760816,1.28489,0.3638412,8.661402,0.1116009,0.5059732,-2.580226
790,10,4.956664,2.264935,0.7928946,0.2245349,4.111171,0.06886285,0.3123003,-0.1962877
790,12,3.128469,1.655084,0.5072038,0.1436311,2.181267,0.04405507,0.1997952,0.2135396
790,15,1.964159,1.284518,0.2746636,0.07777651,0.9754976,0.02386146,0.1082027,0.1989154
790,20,1.326807,1.092118,0.1115995,0.03159925,0.3279214,0.009697432,0.0439671,0.08439999
790,25,1.134134,1.036733,0.05100932,0.01444249,0.1342786,0.004433019,0.02009702,0.03577903
790,30,1.062592,1.016811,0.02552278,0.00722615,0.06261592,0.002218246,0.0100559,0.01666104
795,3,153.4245,68.15453,5.158012,1.459733,114.9795,0.4608874,2.067454,-189.8905
795,4,69.37627,28.09673,3.841773,1.087329,63.28472,0.3369686,1.517682,-79.9509
795,5,36.54557,14.32427,2.876291,0.8140798,35.89013,0.250823,1.131936,-34.52316
795,6,21.39095,8.318958,2.174279,0.6155843,21.3707,0.1889888,0.8557562,-15.07333
795,7,13.59666,5.36359,1.662791,0.47082,13.33434,0.1444566,0.6546524,-6.479149
795,8,9.234157,3.766224,1.286273,0.3642327,8.696376,0.111721,0.5065177,-2.663967
795,10,4.964568,2.267254,0.7937479,0.2247766,4.124036,0.06893695,0.3126364,-0.2185619
795,12,3.1325,1.656219,0.5077496,0.1437857,2.186819,0.04410248,0.2000102,0.2072047
795,15,1.96585,1.284976,0.2749592,0.07786021,0.9774869,0.02388714,0.1083192,0.1979193
795,20,1.327321,1.092254,0.1117196,0.03163326,0.328463,0.009707868,0.04401442,0.08440409
795,25,1.134329,1.036784,0.05106422,0.01445804,0.1344767,0.00443779,0.02011865,0.03581351
795,30,1.062678,1.016834,0.02555025,0.007233927,0.06270202,0.002220634,0.01006673,0.01668065
800,3,153.5509,68.29089,5.16183,1.460813,115.7414,0.4612286,2.068984,-193.6224
800,4,69.49862,28.14895,3.844617,1.088134,63.71304,0.337218,1.518805,-81.58573
800,5,36.61189,14.34871,2.878419,0.8146823,36.10335,0.2510086,1.132774,-35.26973
800,6,21.42845,8.331751,2.175889,0.6160398,21.48007,0.1891287,0.8563896,-15.42656
800,7,13.6193,5.370873,1.664022,0.4711685,13.39269,0.1445635,0.6551369,-6.650765
800,8,9.248576,3.770645,1.287225,0.3645023,8.728991,0.1118036,0.5068926,-2.749728
800,10,4.971112,2.269125,0.7943354,0.2249429,4.135667,0.06898798,0.3128678,-0.2415752
800,12,3.135804,1.657123,0.5081254,0.1438921,2.191679,0.04413512,0.2001582,0.2005498
800,15,1.967213,1.285336,0.2751627,0.07791783,0.9791554,0.02390482,0.1083993,0.1968063
800,20,1.327725,1.092358,0.1118023,0.03165667,0.3288947,0.009715053,0.04404699,0.08437475
800,25,1.134478,1.036823,0.05110201,0.01446874,0.1346295,0.004441074,0.02013354,0.03583519
800,30,1.062742,1.01685,0.02556916,0.007239281,0.06276702,0.002222277,0.01007418,0.01669449
805,3,153.593,68.39228,5.163132,1.461181,116.4737,0.4613448,2.069506,-197.4166
805,4,69.58552,28.18712,3.845586,1.088408,64.12412,0.337303,1.519188,-83.24974
805,5,36.66006,14.36628,2.879145,0.8148877,36.3054,0.2510719,1.133059,-36.03078
805,6,21.45563,8.340783,2.176437,0.6161952,21.58203,0.1891764,0.8566055,-15.78737
805,7,13.63561,5.375923,1.664441,0.4712873,13.446,0.1445999,0.6553021,-6.826542
805,8,9.258879,3.773654,1.28755,0.3645942,8.758088,0.1118318,0.5070204,-2.837893
805,10,4.975689,2.270354,0.7945357,0.2249996,4.145479,0.06900537,0.3129467,-0.2655132
805,12,3.138055,1.657696,0.5082536,0.1439284,2.195529,0.04414625,0.2002087,0.1934767
805,15,1.968101,1.285553,0.2752321,0.07793748,0.9803562,0.02391085,0.1084267,0.1955332
805,20,1.327968,1.092416,0.1118304,0.03166465,0.3291663,0.009717503,0.0440581,0.0842979
805,25,1.134562,1.036842,0.0511149,0.01447238,0.1347166,0.004442194,0.02013862,0.03583844
805,30,1.062776,1.016858,0.0255756,0.007241106,0.06280133,0.002222837,0.01007672,0.01669999
810,3,153.5283,68.44874,5.161157,1.460623,117.1668,0.4611684,2.068714,-201.2773
810,4,69.62684,28.20724,3.844115,1.087992,64.51168,0.337174,1.518607,-84.94531
810,5,36.68483,14.37501,2.878044,0.8145761,36.49239,0.2509759,1.132626,-36.80772
810,6,21.46947,8.344971,2.175605,0.6159595,21.67409,0.189104,0.856278,-16.15662
810,7,13.64373,5.378094,1.663805,0.4711071,13.49261,0.1445446,0.6550515,-7.00704
810,8,9.263845,3.774844,1.287057,0.3644548,8.782547,0.1117891,0.5068265,-2.928836
810,10,4.977712,2.270753,0.7942318,0.2249136,4.152907,0.06897898,0.312827,-0.290555
810,12,3.138937,1.657841,0.5080592,0.1438734,2.198057,0.04412937,0.2001321,0.1858906
810,15,1.968371,1.285584,0.2751269,0.07790768,0.9809474,0.0239017,0.1083852,0.1940582
810,20,1.328002,1.092414,0.1117877,0.03165254,0.3292297,0.009713787,0.04404125,0.08415994
810,25,1.134559,1.036839,0.05109535,0.01446685,0.1347181,0.004440496,0.02013092,0.03581784
810,30,1.06277,1.016856,0.02556582,0.007238337,0.06279572,0.002221988,0.01007286,0.01669465
815,3,153.3353,68.45061,5.155174,1.458929,117.8113,0.4606338,2.066316,-205.2088
815,4,69.61278,28.2054,3.839659,1.086731,64.86968,0.3367831,1.516847,-86.67477
815,5,36.68107,14.37297,2.874708,0.8136318,36.66056,0.250685,1.131313,-37.60191
815,6,21.46704,8.343266,2.173083,0.6152455,21.75383,0.1888848,0.8552853,-16.53516
815,7,13.64183,5.37676,1.661876,0.470561,13.53094,0.1443771,0.6542921,-7.192801
815,8,9.262292,3.773817,1.285565,0.3640323,8.801281,0.1116595,0.506239,-3.022915
815,10,4.976611,2.270141,0.7933111,0.2246529,4.157404,0.06889902,0.3124644,-0.316874
815,12,3.138144,1.657464,0.5074702,0.1437066,2.198964,0.04407821,0.1999001,0.1776996
815,15,1.967884,1.28539,0.2748079,0.07781736,0.9807918,0.023874,0.1082596,0.192341
815,20,1.327781,1.09234,0.1116581,0.03161585,0.3290381,0.009702527,0.0439902,0.08394774
815,25,1.134452,1.036806,0.05103612,0.01445008,0.1346148,0.004435348,0.02010758,0.03576814
815,30,1.062715,1.01684,0.02553619,0.007229946,0.06274124,0.002219412,0.01006119,0.01667609
820,3,152.9931,68.38852,5.144475,1.455901,118.3982,0.4596778,2.062028,-209.2149
820,4,69.53383,28.17784,3.83169,1.084476,65.19224,0.3360842,1.513699,-88.44036
820,5,36.64385,14.35831,2.868742,0.8119432,36.80625,0.2501647,1.128965,-38.41469
820,6,21.4455,8.33465,2.168573,0.6139686,21.81892,0.1884928,0.8535103,-16.92382
820,7,13.62818,5.371316,1.658427,0.4695843,13.55944,0.1440774,0.6529342,-7.384349
820,8,9.253075,3.770191,1.282897,0.3632768,8.81324,0.1114277,0.5051884,-3.12048
820,10,4.971837,2.268342,0.7916647,0.2241866,4.158443,0.06875603,0.3118159,-0.344638
820,12,3.13538,1.656475,0.506417,0.1434083,2.19796,0.04398673,0.1994853,0.168815
820,15,1.966508,1.284932,0.2742376,0.07765586,0.9797567,0.02382445,0.1080349,0.1903425
820,20,1.327258,1.092181,0.1114264,0.03155023,0.3285465,0.00968239,0.0438989,0.08364861
820,25,1.134222,1.03674,0.0509302,0.01442009,0.1343883,0.004426143,0.02006585,0.0356843
820,30,1.062602,1.016808,0.02548319,0.007214941,0.06262926,0.002214806,0.0100403,0.01664198
825,3,152.4864,68.25539,5.128529,1.451389,118.921,0.458253,2.055636,-213.2988
825,4,69.38282,28.12171,3.819813,1.081114,65.47496,0.3350424,1.509007,-90.24381
825,5,36.56941,14.32964,2.85985,0.8094264,36.92671,0.2493893,1.125466,-39.24708
825,6,21.4027,8.318356,2.161851,0.6120655,21.86761,0.1879085,0.8508647,-17.3232
825,7,13.60144,5.361305,1.653287,0.4681288,13.57695,0.1436308,0.6509103,-7.582086
825,8,9.235326,3.763676,1.278921,0.3621507,8.817628,0.1110823,0.5036224,-3.221795
825,10,4.962971,2.265225,0.7892108,0.2234917,4.155621,0.06854291,0.3108493,-0.3739742
825,12,3.130423,1.654805,0.5048473,0.1429638,2.194825,0.04385038,0.1988669,0.1591697
825,15,1.96414,1.284178,0.2733875,0.07741515,0.9777416,0.0237506,0.1077,0.1880333
825,20,1.3264,1.091926,0.111081,0.03145244,0.3277207,0.009652378,0.04376283,0.08325299
825,25,1.133854,1.036635,0.05077233,0.01437539,0.1340246,0.004412423,0.02000365,0.03556249
825,30,1.062426,1.01676,0.0254042,0.007192577,0.06245329,0.00220794,0.01000918,0.0165906
830,3,151.8351,68.0598,5.108003,1.44558,119.3891,0.4564189,2.047409,-217.4575
830,4,69.16851,28.04045,3.804525,1.076787,65.72334,0.3337015,1.502967,-92.08331
830,5,36.46231,14.28866,2.848404,0.8061869,37.02532,0.2483911,1.120961,-40.09796
830,6,21.34125,8.29532,2.153199,0.6096158,21.90205,0.1871565,0.8474592,-17.73262
830,7,13.56322,5.347286,1.64667,0.4662552,13.58489,0.143056,0.6483052,-7.785553
830,8,9.210098,3.754626,1.273802,0.3607013,8.815413,0.1106378,0.5016068,-3.326553
830,10,4.950522,2.260951,0.7860521,0.2225972,4.149427,0.06826858,0.3096052,-0.4047306
830,12,3.123543,1.652539,0.5028268,0.1423916,2.189828,0.04367488,0.198071,0.1488451
830,15,1.960904,1.283166,0.2722934,0.07710531,0.9748696,0.02365554,0.107269,0.1854495
830,20,1.32525,1.091588,0.1106364,0.03132656,0.3266028,0.009613746,0.04358768,0.08277274
830,25,1.133367,1.036498,0.05056913,0.01431786,0.133541,0.004394763,0.01992359,0.03540747
830,30,1.062193,1.016696,0.02530252,0.00716379,0.06222141,0.002199103,0.009969123,0.0165241
835,3,151.0745,67.81724,5.084089,1.438812,119.8184,0.4542821,2.037823,-221.685
835,4,68.90669,27.94034,3.786714,1.071746,65.94723,0.3321392,1.495931,-93.95551
835,5,36.33073,14.23845,2.835068,0.8024125,37.10817,0.2472282,1.115713,-40.9653
835,6,21.26585,8.267233,2.143118,0.6067618,21.92611,0.1862803,0.8434917,-18.1508
835,7,13.51642,5.330267,1.63896,0.4640723,13.58583,0.1423862,0.64527,-7.993915
835,8,9.179288,3.743681,1.267838,0.3590126,8.808344,0.1101198,0.4992584,-3.43419
835,10,4.935402,2.255815,0.7823721,0.2215551,4.140741,0.06794896,0.3081557,-0.4366327
835,12,3.115234,1.649827,0.5004727,0.141725,2.183451,0.04347041,0.1971437,0.1379878
835,15,1.957024,1.281963,0.2710186,0.07674433,0.9713619,0.02354479,0.1067668,0.1826562
835,20,1.323882,1.091189,0.1101184,0.0311799,0.3252681,0.009568737,0.04338361,0.08222909
835,25,1.13279,1.036336,0.05033238,0.01425082,0.1329685,0.004374188,0.01983031,0.03522772
835,30,1.061919,1.016621,0.02518407,0.007130251,0.06194808,0.002188808,0.00992245,0.01644638
840,3,150.2392,67.54274,5.057937,1.431411,120.2246,0.4519453,2.027341,-225.9758
840,4,68.61267,27.82743,3.767235,1.066233,66.15619,0.3304307,1.488236,-95.85715
840,5,36.18263,14.18199,2.820485,0.798285,37.18115,0.2459565,1.109974,-41.84713
840,6,21.18105,8.235732,2.132094,0.6036407,21.94356,0.1853221,0.8391529,-18.57649
840,7,13.46386,5.311223,1.63053,0.4616852,13.58223,0.1416538,0.6419508,-8.206364
840,8,9.144734,3.731458,1.261317,0.3571659,8.798111,0.1095534,0.4966903,-3.544166
840,10,4.918497,2.250098,0.7783477,0.2204154,4.130414,0.06759945,0.3065706,-0.4694147
840,12,3.105971,1.646818,0.4978983,0.140996,2.17616,0.0432468,0.1961296,0.1267399
840,15,1.952715,1.280631,0.2696245,0.07634957,0.9674324,0.02342368,0.1062176,0.1797161
840,20,1.322369,1.090748,0.109552,0.03101951,0.3237896,0.009519517,0.04316045,0.08164259
840,25,1.132154,1.036158,0.05007348,0.01417752,0.1323369,0.004351688,0.01972831,0.03503144
840,30,1.061618,1.016539,0.02505452,0.007093574,0.06164728,0.002177549,0.009871411,0.0163612
845,3,149.362,67.25086,5.030656,1.42369,120.6223,0.4495076,2.016406,-230.3245
845,4,68.30123,27.70759,3.746916,1.060482,66.35945,0.3286484,1.480209,-97.78508
845,5,36.02569,14.12215,2.805272,0.7939793,37.24998,0.2446299,1.103987,-42.74155
845,6,21.09126,8.202398,2.120594,0.6003848,21.95804,0.1843225,0.8346267,-19.00849
845,7,13.40826,5.291097,1.621735,0.459195,13.57652,0.1408898,0.6384883,-8.422119
845,8,9.108213,3.718556,1.254514,0.3552394,8.78635,0.1089624,0.4940112,-3.655954
845,10,4.900661,2.244075,0.7741494,0.2192266,4.119268,0.06723483,0.304917,-0.5028203
845,12,3.096214,1.643651,0.4952128,0.1402355,2.168408,0.04301354,0.1950717,0.1152381
845,15,1.948185,1.279232,0.2681702,0.07593775,0.9632878,0.02329734,0.1056447,0.17669
845,20,1.320783,1.090286,0.1089611,0.0308522,0.3222375,0.009468171,0.04292765,0.08103303
845,25,1.131489,1.035971,0.04980339,0.01410105,0.1316753,0.004328216,0.0196219,0.03482655
845,30,1.061302,1.016453,0.02491938,0.007055313,0.06133249,0.002165804,0.009818166,0.01627217
850,3,148.4749,66.95568,5.003313,1.415952,121.0257,0.4470645,2.005446,-234.7258
850,4,67.9867,27.5865,3.72655,1.054718,66.56592,0.3268622,1.472164,-99.73627
850,5,35.86735,14.06174,2.790025,0.7896638,37.32017,0.2433003,1.097987,-43.6467
850,6,21.00075,8.168765,2.109068,0.5971215,21.97307,0.1833206,0.8300903,-19.44564
850,7,13.35225,5.270803,1.612921,0.4566991,13.571,0.140124,0.6350179,-8.640427
850,8,9.071446,3.705552,1.247695,0.3533086,8.774645,0.1083702,0.4913262,-3.769048
850,10,4.882722,2.238009,0.7699417,0.218035,4.108101,0.06686939,0.3032598,-0.5366016
850,12,3.086406,1.640465,0.4925212,0.1394733,2.16063,0.04277975,0.1940115,0.1036148
850,15,1.943634,1.277825,0.2667126,0.07552501,0.9591277,0.02317071,0.1050705,0.1736363
850,20,1.31919,1.089822,0.1083689,0.03068451,0.3206799,0.009416709,0.04269433,0.08041953
850,25,1.13082,1.035784,0.0495327,0.01402441,0.1310115,0.004304691,0.01951525,0.03462068
850,30,1.060986,1.016366,0.02478394,0.007016966,0.06101672,0.002154032,0.009764802,0.01618279
855,3,147.6085,66.67085,4.97694,1.408489,121.4484,0.444708,1.994876,-239.1747
855,4,67.68295,27.46966,3.706908,1.049159,66.78424,0.3251393,1.464404,-101.7078
855,5,35.71482,14.00344,2.775318,0.7855014,37.39706,0.2420178,1.092199,-44.56082
855,6,20.91364,8.136314,2.097951,0.5939741,21.99206,0.1823543,0.8257148,-19.88684
855,7,13.29838,5.251222,1.604419,0.4542918,13.56794,0.1393854,0.6316707,-8.860557
855,8,9.036099,3.693006,1.241118,0.3514463,8.764529,0.107799,0.4887364,-3.882958
855,10,4.86548,2.232158,0.7658834,0.2168858,4.097682,0.06651692,0.3016613,-0.5705189
855,12,3.076978,1.637391,0.4899251,0.1387381,2.153249,0.04255426,0.1929888,0.09199803
855,15,1.939258,1.276468,0.2653068,0.07512692,0.9551455,0.02304858,0.1045166,0.1706118
855,20,1.317657,1.089374,0.1077977,0.03052277,0.3191825,0.009367073,0.04246929,0.07982059
855,25,1.130177,1.035603,0.04927161,0.01395048,0.1303724,0.004282001,0.01941238,0.03442121
855,30,1.060681,1.016283,0.0246533,0.006979979,0.06071254,0.002142678,0.009713332,0.01609643
860,3,146.7925,66.40964,4.952536,1.401582,121.9035,0.4425273,1.985094,-243.6662
860,4,67.40343,27.36241,3.688731,1.044014,67.02279,0.3235449,1.457223,-103.6968
860,5,35.57509,13.9499,2.761709,0.7816497,37.48586,0.2408311,1.086844,-45.48218
860,6,20.83395,8.106484,2.087664,0.5910615,22.01831,0.1814602,0.8216659,-20.33098
860,7,13.24913,5.233212,1.596552,0.4520642,13.56951,0.1387019,0.6285733,-9.081802
860,8,9.003789,3.68146,1.235032,0.3497229,8.75749,0.1072704,0.4863398,-3.99721
860,10,4.849713,2.226768,0.7621278,0.2158222,4.088761,0.06619075,0.300182,-0.6043399
860,12,3.068349,1.634558,0.4875227,0.1380578,2.146675,0.04234559,0.1920425,0.08051168
860,15,1.935245,1.275216,0.2640058,0.07475853,0.9515286,0.02293556,0.1040041,0.1676711
860,20,1.316248,1.088961,0.1072691,0.0303731,0.3178088,0.009321141,0.04226104,0.07925409
860,25,1.129584,1.035436,0.04903,0.01388208,0.1297842,0.004261004,0.01931719,0.03423528
860,30,1.0604,1.016206,0.02453242,0.006945752,0.06043212,0.002132171,0.009665702,0.01601637
865,3,146.0555,66.18495,4.931065,1.395506,122.4033,0.4406089,1.976488,-248.1957
865,4,67.16121,27.26995,3.672739,1.039488,67.2897,0.3221423,1.450906,-105.7005
865,5,35.45498,13.90365,2.749737,0.7782611,37.5916,0.239787,1.082132,-46.4091
865,6,20.76559,8.080674,2.078613,0.5884991,22.05506,0.1806735,0.8181038,-20.77702
865,7,13.20691,5.217605,1.58963,0.4501044,13.57784,0.1381006,0.6258483,-9.303477
865,8,8.976089,3.671442,1.229678,0.3482068,8.754975,0.1068053,0.4842315,-4.111341
865,10,4.836177,2.222081,0.7588238,0.2148866,4.082065,0.0659038,0.2988807,-0.6378392
865,12,3.060923,1.632089,0.4854092,0.1374593,2.141305,0.04216201,0.1912099,0.06927609
865,15,1.931779,1.274123,0.2628613,0.07443443,0.948459,0.02283613,0.1035532,0.1648677
865,20,1.315024,1.088599,0.106804,0.03024143,0.3166209,0.009280732,0.04207783,0.0787374
865,25,1.129068,1.03529,0.04881745,0.0138219,0.1292723,0.004242532,0.01923345,0.03406981
865,30,1.060154,1.016138,0.02442606,0.006915641,0.06018728,0.002122928,0.009623799,0.01594577
870,3,145.4253,66.00935,4.913469,1.390526,122.9599,0.4390366,1.969435,-252.7585
870,4,66.96903,27.19735,3.659633,1.035779,67.59288,0.3209927,1.445728,-107.7163
870,5,35.36112,13.86718,2.739924,0.7754839,37.7192,0.2389314,1.07827,-47.33996
870,6,20.71234,8.060246,2.071196,0.5863991,22.10543,0.1800288,0.8151844,-21.22393
870,7,13.17406,5.205213,1.583958,0.4484982,13.595,0.1376078,0.623615,-9.524914
870,8,8.954533,3.663464,1.22529,0.3469643,8.758396,0.1064242,0.4825035,-4.224903
870,10,4.825609,2.218331,0.756116,0.2141198,4.078302,0.06566862,0.2978141,-0.6707973
870,12,3.055096,1.630108,0.483677,0.1369688,2.137529,0.04201156,0.1905276,0.05840836
870,15,1.929037,1.273242,0.2619233,0.07416882,0.9461141,0.02275464,0.1031837,0.1622532
870,20,1.314047,1.088307,0.1064229,0.03013351,0.3156787,0.009247614,0.04192767,0.0782874
870,25,1.128652,1.035171,0.04864324,0.01377257,0.1288612,0.004227392,0.01916481,0.03393155
870,30,1.059956,1.016083,0.0243389,0.006890963,0.0599895,0.002115352,0.009589457,0.0158877
875,3,144.9289,65.89513,4.900661,1.386901,123.5847,0.4378921,1.964301,-257.35
875,4,66.83933,27.14954,3.650094,1.033079,67.94007,0.320156,1.441959,-109.7415
875,5,35.29999,13.84291,2.732782,0.7734624,37.87348,0.2383085,1.07546,-48.27317
875,6,20.67794,8.04653,2.065797,0.5848705,22.1725,0.1795595,0.8130595,-21.67072
875,7,13.15288,5.196826,1.579829,0.4473291,13.62302,0.1372491,0.6219894,-9.745461
875,8,8.940619,3.658028,1.222096,0.3460598,8.769131,0.1061468,0.4812457,-4.337459
875,10,4.818729,2.215746,0.754145,0.2135616,4.078166,0.06549745,0.2970378,-0.7030004
875,12,3.051255,1.62873,0.4824162,0.1366117,2.135725,0.04190205,0.190031,0.04802266
875,15,1.927195,1.272624,0.2612405,0.07397548,0.9446669,0.02269533,0.1029147,0.1598782
875,20,1.313373,1.088099,0.1061455,0.03005496,0.3150412,0.009223509,0.04181838,0.07792056
875,25,1.128362,1.035087,0.04851644,0.01373667,0.128575,0.004216373,0.01911486,0.03382706
875,30,1.059816,1.016044,0.02427545,0.006873,0.05984998,0.002109838,0.00956446,0.01584518
880,3,144.5923,65.85433,4.893535,1.384885,124.2888,0.4372554,1.961445,-261.966
880,4,66.78427,27.13137,3.644786,1.031576,68.3388,0.3196905,1.439863,-111.7735
880,5,35.27794,13.83323,2.728809,0.7723377,38.05914,0.237962,1.073896,-49.20717
880,6,20.66603,8.040829,2.062793,0.5840201,22.25927,0.1792984,0.8118772,-22.1164
880,7,13.14562,5.193219,1.577531,0.4466787,13.66387,0.1370495,0.621085,-9.964481
880,8,8.935816,3.655623,1.220319,0.3455566,8.788533,0.1059925,0.480546,-4.44858
880,10,4.816242,2.214552,0.7530484,0.2132511,4.082336,0.06540221,0.2966059,-0.7342389
880,12,3.049777,1.628073,0.4817147,0.1364131,2.136264,0.04184112,0.1897546,0.0382307
880,15,1.926424,1.272319,0.2608607,0.07386791,0.9442872,0.02266233,0.1027651,0.157792
880,20,1.313062,1.087993,0.1059911,0.03001126,0.3147656,0.009210097,0.04175757,0.07765296
880,25,1.12822,1.035042,0.0484459,0.0137167,0.1284373,0.004210242,0.01908706,0.03376276
880,30,1.059745,1.016023,0.02424016,0.006863006,0.05977967,0.00210677,0.009550552,0.01582114
885,3,144.4412,65.89878,4.892967,1.384724,125.0829,0.4372046,1.961217,-266.602
885,4,66.81583,27.14761,3.644363,1.031457,68.79652,0.3196534,1.439696,-113.8099
885,5,35.30121,13.84047,2.728492,0.7722481,38.2808,0.2379344,1.073771,-50.14044
885,6,20.68018,8.044423,2.062554,0.5839523,22.3687,0.1792776,0.8117829,-22.56002
885,7,13.15449,5.195155,1.577348,0.4466268,13.71952,0.1370336,0.6210129,-10.18135
885,8,8.941568,3.656732,1.220178,0.3455165,8.81793,0.1059801,0.4804902,-4.557846
885,10,4.818842,2.214968,0.752961,0.2132263,4.091478,0.06539461,0.2965715,-0.7643075
885,12,3.051036,1.628249,0.4816588,0.1363972,2.139513,0.04183626,0.1897326,0.02914211
885,15,1.92689,1.272376,0.2608304,0.07385934,0.9451414,0.02265969,0.1027532,0.1560431
885,20,1.31317,1.088004,0.1059788,0.03000777,0.3149084,0.009209028,0.04175272,0.0775004
885,25,1.128249,1.035045,0.04844027,0.0137151,0.1284711,0.004209753,0.01908485,0.03374493
885,30,1.059754,1.016023,0.02423734,0.006862209,0.05978931,0.002106526,0.009549443,0.01581845
890,3,144.5005,66.04016,4.899818,1.386663,125.9772,0.4378169,1.963963,-271.2539
890,4,66.94578,27.20295,3.649466,1.032901,69.32051,0.320101,1.441712,-115.8482
890,5,35.37597,13.86693,2.732312,0.7733294,38.54305,0.2382676,1.075275,-51.07149
890,6,20.72394,8.058572,2.065442,0.5847699,22.5037,0.1795286,0.8129197,-23.00062
890,7,13.18167,5.203382,1.579557,0.4472522,13.79189,0.1372255,0.6218824,-10.39545
890,8,8.959301,3.661829,1.221886,0.3460003,8.858635,0.1061285,0.481163,-4.664842
890,10,4.827212,2.21721,0.7540154,0.2135249,4.106253,0.06548618,0.2969868,-0.7930037
890,12,3.055397,1.629371,0.4823333,0.1365882,2.14583,0.04189484,0.1899983,0.02086484
890,15,1.928759,1.272843,0.2611956,0.07396276,0.9473939,0.02269142,0.102897,0.1546791
890,20,1.313752,1.088148,0.1061272,0.03004979,0.3155254,0.009221923,0.04181119,0.07747842
890,25,1.128473,1.0351,0.0485081,0.01373431,0.1286991,0.004215648,0.01911157,0.03377978
890,30,1.059853,1.016048,0.02427128,0.006871818,0.0598895,0.002109476,0.009562815,0.01583994
895,3,144.7931,66.28922,4.91488,1.390925,126.9811,0.4391626,1.97,-275.9176
895,4,67.18495,27.3017,3.660684,1.036076,69.9175,0.3210849,1.446143,-117.8862
895,5,35.50789,13.91473,2.740711,0.7757065,38.85008,0.239,1.07858,-51.99892
895,6,20.80056,8.084436,2.071791,0.5865674,22.66698,0.1800805,0.8154184,-23.43735
895,7,13.22918,5.218591,1.584412,0.448627,13.88275,0.1376473,0.623794,-10.60621
895,8,8.990328,3.67135,1.225642,0.3470639,8.911856,0.1064548,0.482642,-4.76919
895,10,4.841985,2.221477,0.7563331,0.2141813,4.127266,0.06568748,0.2978996,-0.8201416
895,12,3.063198,1.631542,0.4838159,0.1370081,2.155548,0.04202362,0.1905823,0.01349804
895,15,1.932184,1.273765,0.2619985,0.07419011,0.9511958,0.02276117,0.1032133,0.1537441
895,20,1.31486,1.088439,0.1064535,0.03014216,0.3166675,0.009250269,0.04193971,0.0776013
895,25,1.128912,1.035214,0.04865721,0.01377653,0.1291424,0.004228606,0.01917032,0.033873
895,30,1.060053,1.0161,0.02434589,0.006892941,0.06008994,0.00211596,0.009592209,0.01588822
900,3,145.3152,66.64487,4.938047,1.397482,128.0923,0.4412327,1.979286,-280.594
900,4,67.53219,27.44343,3.677939,1.04096,70.58675,0.3225984,1.45296,-119.924
900,5,35.69639,13.98365,2.75363,0.779363,39.20148,0.2401265,1.083664,-52.92295
900,6,20.90971,8.121892,2.081556,0.5893323,22.85825,0.1809293,0.8192621,-23.87032
900,7,13.29681,5.240707,1.591881,0.4507417,13.99192,0.1382962,0.6267344,-10.81372
900,8,9.034517,3.685247,1.231419,0.3486998,8.977473,0.1069566,0.484917,-4.870936
900,10,4.863095,2.227748,0.7598982,0.2151908,4.154456,0.06599711,0.2993039,-0.8457442
900,12,3.074405,1.634748,0.4860965,0.1376539,2.168632,0.04222171,0.1914807,0.007029732
900,15,1.937148,1.275137,0.2632335,0.07453982,0.9565308,0.02286846,0.1036999,0.1532325
900,20,1.316487,1.088875,0.1069552,0.03028424,0.3183289,0.009293873,0.0421374,0.07786728
900,25,1.129564,1.035386,0.04888657,0.01384146,0.1297984,0.004248539,0.01926068,0.03402388
900,30,1.060352,1.016178,0.02446065,0.006925432,0.06038946,0.002125934,0.009637425,0.01596296
905,3,146.044,67.09733,4.968562,1.406117,129.3001,0.4439594,1.991517,-285.287
905,4,67.97749,27.62419,3.700667,1.047392,71.32203,0.3245919,1.461938,-121.9642
905,5,35.9363,14.07174,2.770646,0.7841791,39.59341,0.2416104,1.090361,-53.84493
905,6,21.04843,8.169872,2.09442,0.5929742,23.07508,0.1820474,0.8243248,-24.30037
905,7,13.38273,5.269092,1.601718,0.4535271,14.11781,0.1391508,0.6306073,-11.01851
905,8,9.090673,3.703115,1.239029,0.3508546,9.054387,0.1076175,0.4879136,-4.970446
905,10,4.889966,2.235835,0.7645941,0.2165206,4.187269,0.06640495,0.3011534,-0.8699877
905,12,3.088708,1.638895,0.4891003,0.1385045,2.184779,0.04248262,0.1926639,0.001366183
905,15,1.94351,1.276917,0.2648602,0.07500044,0.9632592,0.02300978,0.1043407,0.1531031
905,20,1.318586,1.089444,0.1076162,0.03047139,0.320462,0.009351305,0.04239779,0.07826287
905,25,1.130408,1.035611,0.04918866,0.013927,0.1306474,0.004274793,0.0193797,0.03422702
905,30,1.06074,1.01628,0.0246118,0.006968229,0.06077888,0.002139071,0.00969698,0.01606169
910,3,146.9568,67.63688,5.005674,1.41662,130.5942,0.4472754,2.006393,-290.0006
910,4,68.51095,27.84004,3.728309,1.055216,72.11717,0.3270164,1.472858,-124.0089
910,5,36.22249,14.17707,2.791341,0.7900364,40.02209,0.2434151,1.098505,-54.76622
910,6,21.21378,8.227313,2.110064,0.5974033,23.31505,0.1834071,0.8304819,-24.72835
910,7,13.48513,5.303113,1.613682,0.4569146,14.25879,0.1401901,0.6353176,-11.22113
910,8,9.157607,3.724555,1.248284,0.3534753,9.141506,0.1084213,0.491558,-5.068079
910,10,4.922026,2.245556,0.7703051,0.2181379,4.225155,0.06690095,0.3034028,-0.8930469
910,12,3.105798,1.643887,0.4927536,0.1395391,2.203685,0.04279994,0.194103,-0.003585503
910,15,1.951131,1.279063,0.2668385,0.07556065,0.9712423,0.02318165,0.10512,0.1533149
910,20,1.32111,1.09013,0.10842,0.03069899,0.3230194,0.009421153,0.04271448,0.07877469
910,25,1.131427,1.035883,0.04955607,0.01403102,0.13167,0.004306723,0.01952446,0.03447708
910,30,1.06121,1.016404,0.02479564,0.007020277,0.06124912,0.002155049,0.00976941,0.01618195
915,3,148.0314,68.25404,5.048654,1.428784,131.9644,0.4511158,2.02362,-294.7387
915,4,69.12288,28.08718,3.760321,1.064276,72.96616,0.3298242,1.485504,-126.0603
915,5,36.54994,14.29776,2.815308,0.7968198,40.4838,0.2455051,1.107937,-55.68813
915,6,21.40288,8.293184,2.128181,0.6025327,23.57579,0.1849819,0.8376126,-25.15507
915,7,13.60223,5.342156,1.627537,0.4608378,14.41333,0.1413938,0.6407725,-11.4221
915,8,9.234163,3.749174,1.259002,0.3565103,9.237769,0.1093523,0.4957786,-5.164188
915,10,4.95872,2.256732,0.7769191,0.2200109,4.267579,0.06747537,0.3060079,-0.9150922
915,12,3.125375,1.649631,0.4969845,0.1407372,2.225057,0.04316743,0.1957696,-0.007915695
915,15,1.959875,1.281536,0.2691296,0.07620943,0.9803455,0.02338069,0.1060226,0.153828
915,20,1.324013,1.090923,0.1093509,0.03096257,0.3259552,0.009502045,0.04308123,0.07938974
915,25,1.1326,1.036196,0.04998157,0.0141515,0.1328473,0.004343701,0.0196921,0.03476886
915,30,1.061751,1.016546,0.02500854,0.007080554,0.06179132,0.002173552,0.009853292,0.01632138
920,3,149.2466,68.93955,5.096791,1.442407,133.4009,0.4554171,2.042915,-299.5051
920,4,69.80385,28.36185,3.796175,1.074424,73.86315,0.332969,1.499668,-128.1206
920,5,36.91377,14.43198,2.842151,0.8044172,40.97494,0.2478459,1.118501,-56.61194
920,6,21.61294,8.366474,2.148473,0.6082777,23.85501,0.1867457,0.845599,-25.58134
920,7,13.73231,5.385617,1.643055,0.4652317,14.57989,0.142742,0.6468821,-11.62194
920,8,9.319212,3.776591,1.271006,0.3599095,9.342138,0.1103949,0.5005057,-5.259115
920,10,4.999503,2.269188,0.7843268,0.2221086,4.314019,0.06811873,0.3089256,-0.9362895
920,12,3.147149,1.656037,0.5017231,0.1420791,2.248608,0.04357902,0.1976362,-0.01171261
920,15,1.96961,1.284296,0.2716957,0.07693606,0.9904371,0.02360362,0.1070335,0.1546035
920,20,1.327249,1.091808,0.1103936,0.03125779,0.3292244,0.009592644,0.043492,0.08009533
920,25,1.133909,1.036547,0.05045813,0.01428643,0.1341608,0.004385117,0.01987986,0.03509731
920,30,1.062356,1.016706,0.02524699,0.007148065,0.06239688,0.002194277,0.00994724,0.01647766
925,3,150.5812,69.68433,5.149392,1.457293,134.8942,0.4601172,2.063998,-304.3035
925,4,70.54461,28.66039,3.835352,1.085512,74.80239,0.3364054,1.515145,-130.1919
925,5,37.30918,14.57792,2.871483,0.8127191,41.49196,0.2504038,1.130044,-57.53893
925,6,21.84121,8.446196,2.170646,0.6145553,24.15044,0.188673,0.8543259,-26.00793
925,7,13.87367,5.432908,1.660012,0.4700331,14.75698,0.1442151,0.6535582,-11.82115
925,8,9.411646,3.806434,1.284123,0.3636239,9.453595,0.1115342,0.5056711,-5.353198
925,10,5.043842,2.282753,0.7924213,0.2244009,4.363962,0.06882174,0.3121138,-0.9568017
925,12,3.170832,1.663016,0.506901,0.1435454,2.274058,0.04402877,0.1996759,-0.01506264
925,15,1.980205,1.287304,0.2744997,0.07773007,1.001388,0.02384722,0.1081381,0.1556032
925,20,1.330774,1.092773,0.1115329,0.03158039,0.3327831,0.009691644,0.04394085,0.08087906
925,25,1.135337,1.03693,0.05097888,0.01443387,0.1355925,0.004430373,0.02008502,0.03545747
925,30,1.063016,1.016881,0.02550755,0.007221836,0.06305736,0.002216922,0.0100499,0.01664851
930,3,152.0148,70.47943,5.205775,1.473249,136.4351,0.4651552,2.086598,-309.1378
930,4,71.33606,28.97921,3.877348,1.097398,75.77824,0.3400889,1.531736,-132.2763
930,5,37.73145,14.73381,2.902925,0.821618,42.03138,0.2531456,1.142418,-58.47033
930,6,22.08499,8.531376,2.194413,0.6212844,24.45986,0.1907388,0.8636804,-26.43561
930,7,14.02465,5.483449,1.678189,0.4751797,14.94315,0.1457942,0.6607143,-12.02024
930,8,9.510377,3.838335,1.298184,0.3676054,9.57114,0.1127555,0.511208,-5.446766
930,10,5.091215,2.297258,0.801098,0.2268579,4.416904,0.06957531,0.3155313,-0.9767886
930,12,3.196142,1.670482,0.5124514,0.1451171,2.301129,0.04451086,0.2018622,-0.0180506
930,15,1.991534,1.290523,0.2775053,0.07858118,1.013073,0.02410833,0.1093222,0.15679
930,20,1.334546,1.093806,0.1127541,0.03192618,0.3365883,0.009797763,0.04442198,0.08172875
930,25,1.136865,1.037339,0.05153707,0.01459191,0.1371247,0.004478884,0.02030494,0.03584448
930,30,1.063723,1.017067,0.02578684,0.007300911,0.06376451,0.002241197,0.01015994,0.01683171
935,3,153.5272,71.31606,5.265272,1.490087,138.0145,0.4704715,2.110446,-314.0114
935,4,72.16925,29.31475,3.921662,1.10994,76.78516,0.3439757,1.549242,-134.3759
935,5,38.17595,14.89792,2.936102,0.8310083,42.58977,0.2560388,1.155474,-59.40737
935,6,22.34162,8.621058,2.219493,0.6283851,24.78109,0.1929188,0.8735514,-26.86515
935,7,14.18359,5.53667,1.697369,0.4806106,15.13693,0.1474605,0.6682656,-12.21968
935,8,9.614331,3.871932,1.313021,0.3718068,9.693789,0.1140442,0.5170506,-5.540145
935,10,5.141104,2.312539,0.8102537,0.2294507,4.47235,0.07037048,0.3191376,-0.9964075
935,12,3.222803,1.678348,0.5183082,0.1467757,2.329551,0.04501958,0.2041693,-0.02075999
935,15,2.00347,1.293915,0.2806769,0.07947928,1.025365,0.02438387,0.1105716,0.1581269
935,20,1.338522,1.094896,0.1140428,0.03229106,0.3405974,0.009909741,0.04492968,0.08263242
935,25,1.138476,1.037772,0.05212609,0.01475868,0.1387399,0.004530073,0.02053701,0.03625355
935,30,1.064468,1.017264,0.02608156,0.007384354,0.06451017,0.002266811,0.01027606,0.01702508
940,3,155.0985,72.18551,5.327224,1.50762,139.6237,0.4760071,2.135277,-318.928
940,4,73.03533,29.66351,3.967804,1.123,77.81765,0.348023,1.56747,-136.4926
940,5,38.63807,15.0685,2.970649,0.840786,43.16375,0.2590514,1.16907,-60.35125
940,6,22.60846,8.714296,2.245608,0.6357787,25.11195,0.1951887,0.8838296,-27.2973
940,7,14.34889,5.592007,1.71734,0.4862654,15.33691,0.1491955,0.6761285,-12.41996
940,8,9.722449,3.906869,1.32847,0.3761815,9.820568,0.115386,0.5231342,-5.633656
940,10,5.193001,2.328433,0.8197872,0.2321504,4.52981,0.07119846,0.3228925,-1.015814
940,12,3.250541,1.686531,0.5244066,0.1485027,2.359054,0.04554928,0.2065716,-0.02327318
940,15,2.015891,1.297445,0.2839794,0.08041444,1.038143,0.02467077,0.1118726,0.1595776
940,20,1.34266,1.096029,0.1153846,0.032671,0.3447686,0.01002634,0.04545833,0.08357825
940,25,1.140152,1.038221,0.05273941,0.01493234,0.1404209,0.004583374,0.02077865,0.03667997
940,30,1.065243,1.017469,0.02638844,0.007471238,0.06528633,0.002293483,0.01039697,0.01722646
945,3,156.7094,73.07918,5.390979,1.525663,141.2539,0.4817039,2.160832,-323.8911
945,4,73.92555,30.02201,4.015291,1.13644,78.87032,0.3521881,1.58623,-138.6286
945,5,39.11329,15.24388,3.006201,0.8508484,43.74996,0.2621517,1.183061,-61.30318
945,6,22.88292,8.810155,2.272483,0.6433876,25.45032,0.1975247,0.8944072,-27.73279
945,7,14.51892,5.648905,1.737893,0.492085,15.54166,0.1509811,0.6842203,-12.62156
945,8,9.833683,3.942793,1.344369,0.3806836,9.950515,0.1167669,0.529395,-5.727618
945,10,5.246401,2.344777,0.8295983,0.2349288,4.588799,0.07205056,0.3267569,-1.035161
945,12,3.279084,1.694947,0.5306827,0.1502799,2.389373,0.04609441,0.2090438,-0.02567156
945,15,2.028673,1.301076,0.287378,0.08137683,1.051285,0.02496603,0.1132115,0.1611064
945,20,1.346918,1.097196,0.1167655,0.033062,0.3490606,0.01014633,0.04600237,0.08455459
945,25,1.141878,1.038684,0.05337059,0.01511104,0.1421508,0.004638227,0.02102733,0.0371191
945,30,1.066041,1.01768,0.02670425,0.007560653,0.06608507,0.002320931,0.0105214,0.01743372
950,3,158.3405,73.98854,5.455897,1.544034,142.8968,0.4875045,2.186853,-328.9043
950,4,74.83127,30.38683,4.063642,1.150124,79.93781,0.3564291,1.605331,-140.7857
950,5,39.5971,15.42234,3.042401,0.8610942,44.34509,0.2653084,1.197307,-62.26433
950,6,23.16242,8.90771,2.299848,0.6511352,25.79407,0.1999032,0.9051775,-28.17236
950,7,14.69211,5.706811,1.75882,0.4980106,15.7498,0.1527992,0.6924596,-12.82495
950,8,9.946993,3.979356,1.360557,0.3852677,10.08267,0.118173,0.5357699,-5.822344
950,10,5.300805,2.361412,0.8395882,0.2377577,4.648837,0.07291818,0.3306916,-1.054602
950,12,3.308164,1.703513,0.537073,0.1520896,2.420244,0.04664947,0.2115611,-0.02803567
950,15,2.041695,1.304771,0.2908386,0.08235676,1.06467,0.02526666,0.1145748,0.1626778
950,20,1.351255,1.098383,0.1181716,0.03346013,0.3534323,0.01026851,0.04655632,0.0855499
950,25,1.143636,1.039155,0.05401326,0.01529301,0.1439127,0.00469408,0.02128053,0.03756634
950,30,1.066854,1.017895,0.02702582,0.007651697,0.06689856,0.002348879,0.01064809,0.01764475
